<?xml version="1.0" encoding="UTF-8"?>
<gpx creator="StravaGPX" version="1.1" xmlns="http://www.topografix.com/GPX/1/1" xmlns:xsi="http://www.w3.org/2001/XMLSchema-instance" xsi:schemaLocation="http://www.topografix.com/GPX/1/1 http://www.topografix.com/GPX/1/1/gpx.xsd">
 <metadata>
  <name>ECT50 (2026 Version)</name>
  <desc>50 km of spectacular, technically challenging coastal running</desc>
  <author>
   <name>Don Clarke</name>
   <link href="https://www.strava.com/athletes/39481315"/>
  </author>
  <copyright author="OpenStreetMap contributors">
   <year>2020</year>
   <license>https://www.openstreetmap.org/copyright</license>
  </copyright>
  <link href="https://www.strava.com/routes/3495453452033090920"/>
 </metadata>
 <trk>
  <name>ECT50 (2026 Version)</name>
  <desc>50 km of spectacular, technically challenging coastal running</desc>
  <link href="https://www.strava.com/routes/3495453452033090920"/>
  <type>trail_running</type>
  <trkseg>
   <trkpt lat="47.77302" lon="-52.76431">
    <ele>30.310000000000002</ele>
   </trkpt>
   <trkpt lat="47.77239" lon="-52.76427">
    <ele>30.140000000000004</ele>
   </trkpt>
   <trkpt lat="47.77217" lon="-52.76427">
    <ele>30.1</ele>
   </trkpt>
   <trkpt lat="47.77192" lon="-52.7642">
    <ele>29.59</ele>
   </trkpt>
   <trkpt lat="47.771620000000006" lon="-52.764070000000004">
    <ele>28.51</ele>
   </trkpt>
   <trkpt lat="47.77125" lon="-52.763960000000004">
    <ele>28.470000000000002</ele>
   </trkpt>
   <trkpt lat="47.77082" lon="-52.763870000000004">
    <ele>28.830000000000002</ele>
   </trkpt>
   <trkpt lat="47.770360000000004" lon="-52.764">
    <ele>29.240000000000002</ele>
   </trkpt>
   <trkpt lat="47.769670000000005" lon="-52.76431">
    <ele>28.900000000000002</ele>
   </trkpt>
   <trkpt lat="47.76943000000001" lon="-52.76438">
    <ele>27.340000000000003</ele>
   </trkpt>
   <trkpt lat="47.76908" lon="-52.764450000000004">
    <ele>25.060000000000002</ele>
   </trkpt>
   <trkpt lat="47.76834" lon="-52.76453000000001">
    <ele>19.57</ele>
   </trkpt>
   <trkpt lat="47.768260000000005" lon="-52.76456">
    <ele>19.5</ele>
   </trkpt>
   <trkpt lat="47.76782" lon="-52.764570000000006">
    <ele>18.67</ele>
   </trkpt>
   <trkpt lat="47.76751" lon="-52.764630000000004">
    <ele>18.11</ele>
   </trkpt>
   <trkpt lat="47.76706" lon="-52.764630000000004">
    <ele>14.93</ele>
   </trkpt>
   <trkpt lat="47.766780000000004" lon="-52.7648">
    <ele>13.290000000000001</ele>
   </trkpt>
   <trkpt lat="47.766510000000004" lon="-52.76502000000001">
    <ele>12.92</ele>
   </trkpt>
   <trkpt lat="47.76635" lon="-52.76518">
    <ele>12.990000000000002</ele>
   </trkpt>
   <trkpt lat="47.765950000000004" lon="-52.76547000000001">
    <ele>13.690000000000001</ele>
   </trkpt>
   <trkpt lat="47.76576000000001" lon="-52.76559">
    <ele>13.790000000000001</ele>
   </trkpt>
   <trkpt lat="47.76559" lon="-52.76565">
    <ele>14.16</ele>
   </trkpt>
   <trkpt lat="47.76543" lon="-52.7655">
    <ele>15.870000000000001</ele>
   </trkpt>
   <trkpt lat="47.76511000000001" lon="-52.765280000000004">
    <ele>17.27</ele>
   </trkpt>
   <trkpt lat="47.76459000009572" lon="-52.76512999849992">
    <ele>16.900000000000002</ele>
   </trkpt>
   <trkpt lat="47.764070000000004" lon="-52.76498">
    <ele>16.220000000000002</ele>
   </trkpt>
   <trkpt lat="47.76364" lon="-52.76496">
    <ele>15.9</ele>
   </trkpt>
   <trkpt lat="47.763450000000006" lon="-52.764900000000004">
    <ele>15.81</ele>
   </trkpt>
   <trkpt lat="47.763250000000006" lon="-52.7648">
    <ele>15.070000000000002</ele>
   </trkpt>
   <trkpt lat="47.76312" lon="-52.76469">
    <ele>13.420000000000002</ele>
   </trkpt>
   <trkpt lat="47.762800000000006" lon="-52.76426000000001">
    <ele>12.17</ele>
   </trkpt>
   <trkpt lat="47.762710000000006" lon="-52.76409">
    <ele>12.14</ele>
   </trkpt>
   <trkpt lat="47.762510000000006" lon="-52.763510000000004">
    <ele>15.240000000000002</ele>
   </trkpt>
   <trkpt lat="47.76229000000001" lon="-52.76301">
    <ele>17.740000000000002</ele>
   </trkpt>
   <trkpt lat="47.762420000000006" lon="-52.7625">
    <ele>16.12</ele>
   </trkpt>
   <trkpt lat="47.762370000000004" lon="-52.76221">
    <ele>14.96</ele>
   </trkpt>
   <trkpt lat="47.76238000000001" lon="-52.76189">
    <ele>14.280000000000001</ele>
   </trkpt>
   <trkpt lat="47.76198" lon="-52.760920000000006">
    <ele>12.870000000000001</ele>
   </trkpt>
   <trkpt lat="47.761770000000006" lon="-52.760690000000004">
    <ele>10.49</ele>
   </trkpt>
   <trkpt lat="47.761500000000005" lon="-52.75999">
    <ele>13.23</ele>
   </trkpt>
   <trkpt lat="47.761540000000004" lon="-52.75912">
    <ele>16.130000000000003</ele>
   </trkpt>
   <trkpt lat="47.76149" lon="-52.75818">
    <ele>11.82</ele>
   </trkpt>
   <trkpt lat="47.76147" lon="-52.757310000000004">
    <ele>16.450000000000003</ele>
   </trkpt>
   <trkpt lat="47.7612" lon="-52.75639">
    <ele>24.64</ele>
   </trkpt>
   <trkpt lat="47.761430000000004" lon="-52.75531">
    <ele>24.150000000000002</ele>
   </trkpt>
   <trkpt lat="47.761630000000004" lon="-52.75448">
    <ele>25.380000000000003</ele>
   </trkpt>
   <trkpt lat="47.761750000000006" lon="-52.75361">
    <ele>29.470000000000002</ele>
   </trkpt>
   <trkpt lat="47.761700000000005" lon="-52.75301">
    <ele>31.37</ele>
   </trkpt>
   <trkpt lat="47.76173000000001" lon="-52.75269">
    <ele>32.89</ele>
   </trkpt>
   <trkpt lat="47.76167" lon="-52.752">
    <ele>38.77</ele>
   </trkpt>
   <trkpt lat="47.761540000000004" lon="-52.75097">
    <ele>38.21</ele>
   </trkpt>
   <trkpt lat="47.761570000000006" lon="-52.75019">
    <ele>43.27</ele>
   </trkpt>
   <trkpt lat="47.761410000000005" lon="-52.75005">
    <ele>47.32</ele>
   </trkpt>
   <trkpt lat="47.76137000000001" lon="-52.74972">
    <ele>49.32</ele>
   </trkpt>
   <trkpt lat="47.76137000000001" lon="-52.74895000000001">
    <ele>51.36</ele>
   </trkpt>
   <trkpt lat="47.76091" lon="-52.74857">
    <ele>53.21000000000001</ele>
   </trkpt>
   <trkpt lat="47.76082" lon="-52.74842">
    <ele>52.29</ele>
   </trkpt>
   <trkpt lat="47.760920000000006" lon="-52.747510000000005">
    <ele>42.190000000000005</ele>
   </trkpt>
   <trkpt lat="47.760870000000004" lon="-52.74721">
    <ele>37.67</ele>
   </trkpt>
   <trkpt lat="47.760690000000004" lon="-52.746610000000004">
    <ele>32.93</ele>
   </trkpt>
   <trkpt lat="47.76042" lon="-52.74607">
    <ele>31.61</ele>
   </trkpt>
   <trkpt lat="47.76001" lon="-52.74589">
    <ele>36.300000000000004</ele>
   </trkpt>
   <trkpt lat="47.75965" lon="-52.74484">
    <ele>36.86000000000001</ele>
   </trkpt>
   <trkpt lat="47.759310000000006" lon="-52.74434">
    <ele>39.36000000000001</ele>
   </trkpt>
   <trkpt lat="47.75882000000001" lon="-52.74428">
    <ele>46.37</ele>
   </trkpt>
   <trkpt lat="47.758250000000004" lon="-52.74457">
    <ele>57.78</ele>
   </trkpt>
   <trkpt lat="47.757940000000005" lon="-52.74434">
    <ele>64.02000000000001</ele>
   </trkpt>
   <trkpt lat="47.75791" lon="-52.743970000000004">
    <ele>64.78</ele>
   </trkpt>
   <trkpt lat="47.75811" lon="-52.74358">
    <ele>59.61</ele>
   </trkpt>
   <trkpt lat="47.7582" lon="-52.742940000000004">
    <ele>57.59</ele>
   </trkpt>
   <trkpt lat="47.758120000000005" lon="-52.74271">
    <ele>60.74</ele>
   </trkpt>
   <trkpt lat="47.75818" lon="-52.74222">
    <ele>61.95</ele>
   </trkpt>
   <trkpt lat="47.75853500094106" lon="-52.741735003419315">
    <ele>57.13</ele>
   </trkpt>
   <trkpt lat="47.75889" lon="-52.74125">
    <ele>51.45</ele>
   </trkpt>
   <trkpt lat="47.75900000000001" lon="-52.74074">
    <ele>50.56</ele>
   </trkpt>
   <trkpt lat="47.758860000000006" lon="-52.74058">
    <ele>51.49</ele>
   </trkpt>
   <trkpt lat="47.758990000000004" lon="-52.74025">
    <ele>52.160000000000004</ele>
   </trkpt>
   <trkpt lat="47.758720000000004" lon="-52.74016">
    <ele>57.93</ele>
   </trkpt>
   <trkpt lat="47.758700000000005" lon="-52.73991">
    <ele>59.440000000000005</ele>
   </trkpt>
   <trkpt lat="47.758430000000004" lon="-52.739180000000005">
    <ele>66.0</ele>
   </trkpt>
   <trkpt lat="47.758520000000004" lon="-52.738820000000004">
    <ele>66.05000000000001</ele>
   </trkpt>
   <trkpt lat="47.758100000000006" lon="-52.73774">
    <ele>62.080000000000005</ele>
   </trkpt>
   <trkpt lat="47.75827" lon="-52.73745">
    <ele>64.33000000000001</ele>
   </trkpt>
   <trkpt lat="47.75788000000001" lon="-52.73743">
    <ele>67.41000000000001</ele>
   </trkpt>
   <trkpt lat="47.75724000027274" lon="-52.73717999692539">
    <ele>67.9</ele>
   </trkpt>
   <trkpt lat="47.756600000000006" lon="-52.73693">
    <ele>61.970000000000006</ele>
   </trkpt>
   <trkpt lat="47.75697" lon="-52.73662">
    <ele>54.900000000000006</ele>
   </trkpt>
   <trkpt lat="47.756600000000006" lon="-52.73644">
    <ele>46.650000000000006</ele>
   </trkpt>
   <trkpt lat="47.756620000000005" lon="-52.73615">
    <ele>40.0</ele>
   </trkpt>
   <trkpt lat="47.756910000000005" lon="-52.736090000000004">
    <ele>40.0</ele>
   </trkpt>
   <trkpt lat="47.7569" lon="-52.73604">
    <ele>20.23</ele>
   </trkpt>
   <trkpt lat="47.756690000000006" lon="-52.73588">
    <ele>20.23</ele>
   </trkpt>
   <trkpt lat="47.756660000000004" lon="-52.73584">
    <ele>20.23</ele>
   </trkpt>
   <trkpt lat="47.756660000000004" lon="-52.735820000000004">
    <ele>20.23</ele>
   </trkpt>
   <trkpt lat="47.75674" lon="-52.73577">
    <ele>20.23</ele>
   </trkpt>
   <trkpt lat="47.756930000000004" lon="-52.735820000000004">
    <ele>11.950000000000001</ele>
   </trkpt>
   <trkpt lat="47.75694000000001" lon="-52.73577">
    <ele>10.280000000000001</ele>
   </trkpt>
   <trkpt lat="47.7569" lon="-52.73561">
    <ele>4.6000000000000005</ele>
   </trkpt>
   <trkpt lat="47.75695" lon="-52.73543">
    <ele>4.65</ele>
   </trkpt>
   <trkpt lat="47.75744" lon="-52.73537">
    <ele>9.01</ele>
   </trkpt>
   <trkpt lat="47.758280000000006" lon="-52.73519">
    <ele>31.92</ele>
   </trkpt>
   <trkpt lat="47.75902000000001" lon="-52.73487">
    <ele>44.18</ele>
   </trkpt>
   <trkpt lat="47.759440000000005" lon="-52.7344">
    <ele>45.59</ele>
   </trkpt>
   <trkpt lat="47.759370000000004" lon="-52.73322">
    <ele>49.61</ele>
   </trkpt>
   <trkpt lat="47.75947000000001" lon="-52.73203">
    <ele>50.13</ele>
   </trkpt>
   <trkpt lat="47.75938000000001" lon="-52.73089">
    <ele>56.31</ele>
   </trkpt>
   <trkpt lat="47.759260000000005" lon="-52.73046">
    <ele>61.09</ele>
   </trkpt>
   <trkpt lat="47.759280000000004" lon="-52.73015">
    <ele>63.33000000000001</ele>
   </trkpt>
   <trkpt lat="47.75925" lon="-52.72984">
    <ele>65.66000000000001</ele>
   </trkpt>
   <trkpt lat="47.75905" lon="-52.729820000000004">
    <ele>69.18</ele>
   </trkpt>
   <trkpt lat="47.758845006396264" lon="-52.72860999545373">
    <ele>76.08000000000001</ele>
   </trkpt>
   <trkpt lat="47.75864000000001" lon="-52.7274">
    <ele>81.02000000000001</ele>
   </trkpt>
   <trkpt lat="47.75869" lon="-52.726440000000004">
    <ele>83.81</ele>
   </trkpt>
   <trkpt lat="47.75932" lon="-52.72614">
    <ele>77.95</ele>
   </trkpt>
   <trkpt lat="47.75963" lon="-52.72623">
    <ele>75.12</ele>
   </trkpt>
   <trkpt lat="47.76001" lon="-52.72579">
    <ele>66.65</ele>
   </trkpt>
   <trkpt lat="47.76006500208406" lon="-52.725095000908674">
    <ele>62.65000000000001</ele>
   </trkpt>
   <trkpt lat="47.76012" lon="-52.7244">
    <ele>55.2</ele>
   </trkpt>
   <trkpt lat="47.759670000082615" lon="-52.72444500038184">
    <ele>55.330000000000005</ele>
   </trkpt>
   <trkpt lat="47.759220000000006" lon="-52.72449">
    <ele>61.94</ele>
   </trkpt>
   <trkpt lat="47.75864000000001" lon="-52.724470000000004">
    <ele>69.68</ele>
   </trkpt>
   <trkpt lat="47.75824" lon="-52.72417">
    <ele>66.54</ele>
   </trkpt>
   <trkpt lat="47.75762" lon="-52.72386">
    <ele>71.10000000000001</ele>
   </trkpt>
   <trkpt lat="47.75719" lon="-52.72397">
    <ele>75.29</ele>
   </trkpt>
   <trkpt lat="47.757000000000005" lon="-52.72366">
    <ele>75.61000000000001</ele>
   </trkpt>
   <trkpt lat="47.7567" lon="-52.7235">
    <ele>79.14</ele>
   </trkpt>
   <trkpt lat="47.75648" lon="-52.72314">
    <ele>83.19</ele>
   </trkpt>
   <trkpt lat="47.756310000000006" lon="-52.72276">
    <ele>86.05</ele>
   </trkpt>
   <trkpt lat="47.755900000000004" lon="-52.72243">
    <ele>93.4</ele>
   </trkpt>
   <trkpt lat="47.755900000000004" lon="-52.72171">
    <ele>95.92</ele>
   </trkpt>
   <trkpt lat="47.756310000000006" lon="-52.72176">
    <ele>91.63</ele>
   </trkpt>
   <trkpt lat="47.75688" lon="-52.72144">
    <ele>83.72</ele>
   </trkpt>
   <trkpt lat="47.7572566717444" lon="-52.72067334449036">
    <ele>86.79</ele>
   </trkpt>
   <trkpt lat="47.75763333838326" lon="-52.71990667788042">
    <ele>91.00000000000001</ele>
   </trkpt>
   <trkpt lat="47.758010000000006" lon="-52.71914">
    <ele>95.36000000000001</ele>
   </trkpt>
   <trkpt lat="47.758100000000006" lon="-52.71887">
    <ele>95.02000000000001</ele>
   </trkpt>
   <trkpt lat="47.758100000000006" lon="-52.718520000000005">
    <ele>95.72000000000001</ele>
   </trkpt>
   <trkpt lat="47.757690000000004" lon="-52.71826">
    <ele>97.93</ele>
   </trkpt>
   <trkpt lat="47.757400000000004" lon="-52.71777">
    <ele>90.55</ele>
   </trkpt>
   <trkpt lat="47.75759" lon="-52.71694">
    <ele>82.0</ele>
   </trkpt>
   <trkpt lat="47.757490000000004" lon="-52.71645">
    <ele>81.64</ele>
   </trkpt>
   <trkpt lat="47.75723000000001" lon="-52.71598">
    <ele>81.01</ele>
   </trkpt>
   <trkpt lat="47.75719" lon="-52.71502">
    <ele>74.12</ele>
   </trkpt>
   <trkpt lat="47.75660333800957" lon="-52.714283316674035">
    <ele>71.38</ele>
   </trkpt>
   <trkpt lat="47.756016671305154" lon="-52.71354664996027">
    <ele>72.60000000000001</ele>
   </trkpt>
   <trkpt lat="47.755430000000004" lon="-52.712810000000005">
    <ele>75.53</ele>
   </trkpt>
   <trkpt lat="47.755300000000005" lon="-52.71334">
    <ele>81.30000000000001</ele>
   </trkpt>
   <trkpt lat="47.75504" lon="-52.713300000000004">
    <ele>87.59</ele>
   </trkpt>
   <trkpt lat="47.754760000000005" lon="-52.71213">
    <ele>79.46000000000001</ele>
   </trkpt>
   <trkpt lat="47.754720000000006" lon="-52.71215">
    <ele>79.46000000000001</ele>
   </trkpt>
   <trkpt lat="47.754760000000005" lon="-52.71217000000001">
    <ele>80.72</ele>
   </trkpt>
   <trkpt lat="47.754760000000005" lon="-52.71213">
    <ele>80.72</ele>
   </trkpt>
   <trkpt lat="47.75439" lon="-52.71229">
    <ele>74.67</ele>
   </trkpt>
   <trkpt lat="47.75394000000001" lon="-52.712360000000004">
    <ele>70.47</ele>
   </trkpt>
   <trkpt lat="47.753780000000006" lon="-52.71204">
    <ele>62.57</ele>
   </trkpt>
   <trkpt lat="47.75345" lon="-52.7122">
    <ele>53.77</ele>
   </trkpt>
   <trkpt lat="47.75273000000001" lon="-52.711800000000004">
    <ele>42.31</ele>
   </trkpt>
   <trkpt lat="47.7521900000043" lon="-52.71191000115127">
    <ele>47.92</ele>
   </trkpt>
   <trkpt lat="47.751650000000005" lon="-52.71202">
    <ele>53.69</ele>
   </trkpt>
   <trkpt lat="47.750910000000005" lon="-52.71148">
    <ele>46.35</ele>
   </trkpt>
   <trkpt lat="47.750150000000005" lon="-52.71166">
    <ele>49.400000000000006</ele>
   </trkpt>
   <trkpt lat="47.749775000611216" lon="-52.712055002916124">
    <ele>53.58</ele>
   </trkpt>
   <trkpt lat="47.7494" lon="-52.712450000000004">
    <ele>55.49</ele>
   </trkpt>
   <trkpt lat="47.748920000000005" lon="-52.712270000000004">
    <ele>53.120000000000005</ele>
   </trkpt>
   <trkpt lat="47.7481" lon="-52.711780000000005">
    <ele>32.440000000000005</ele>
   </trkpt>
   <trkpt lat="47.747330000000005" lon="-52.71209">
    <ele>23.900000000000002</ele>
   </trkpt>
   <trkpt lat="47.74654" lon="-52.712450000000004">
    <ele>31.14</ele>
   </trkpt>
   <trkpt lat="47.74609" lon="-52.71224">
    <ele>32.78</ele>
   </trkpt>
   <trkpt lat="47.74553" lon="-52.71162">
    <ele>29.790000000000003</ele>
   </trkpt>
   <trkpt lat="47.74525500141286" lon="-52.711059997144915">
    <ele>23.160000000000004</ele>
   </trkpt>
   <trkpt lat="47.744980000000005" lon="-52.7105">
    <ele>19.42</ele>
   </trkpt>
   <trkpt lat="47.744220000000006" lon="-52.71059">
    <ele>21.39</ele>
   </trkpt>
   <trkpt lat="47.743770000000005" lon="-52.71056">
    <ele>25.130000000000003</ele>
   </trkpt>
   <trkpt lat="47.743320000000004" lon="-52.71065">
    <ele>27.89</ele>
   </trkpt>
   <trkpt lat="47.74334" lon="-52.71106">
    <ele>30.53</ele>
   </trkpt>
   <trkpt lat="47.74381500370907" lon="-52.71198999142084">
    <ele>36.17</ele>
   </trkpt>
   <trkpt lat="47.74429000000001" lon="-52.712920000000004">
    <ele>47.18000000000001</ele>
   </trkpt>
   <trkpt lat="47.744220000000006" lon="-52.71361">
    <ele>51.24</ele>
   </trkpt>
   <trkpt lat="47.74338" lon="-52.7139">
    <ele>49.940000000000005</ele>
   </trkpt>
   <trkpt lat="47.74264" lon="-52.71426">
    <ele>50.64</ele>
   </trkpt>
   <trkpt lat="47.74259000000001" lon="-52.71486">
    <ele>53.75000000000001</ele>
   </trkpt>
   <trkpt lat="47.74231500161831" lon="-52.7154650031332">
    <ele>55.410000000000004</ele>
   </trkpt>
   <trkpt lat="47.74204" lon="-52.71607">
    <ele>55.540000000000006</ele>
   </trkpt>
   <trkpt lat="47.74156000000001" lon="-52.71591">
    <ele>54.730000000000004</ele>
   </trkpt>
   <trkpt lat="47.74114" lon="-52.71558">
    <ele>53.75000000000001</ele>
   </trkpt>
   <trkpt lat="47.740640000000006" lon="-52.71524">
    <ele>52.010000000000005</ele>
   </trkpt>
   <trkpt lat="47.73989" lon="-52.71533">
    <ele>50.650000000000006</ele>
   </trkpt>
   <trkpt lat="47.739360000000005" lon="-52.714830000000006">
    <ele>45.87</ele>
   </trkpt>
   <trkpt lat="47.73881" lon="-52.71457">
    <ele>37.62</ele>
   </trkpt>
   <trkpt lat="47.738490000000006" lon="-52.71477">
    <ele>37.46</ele>
   </trkpt>
   <trkpt lat="47.738040000000005" lon="-52.71486">
    <ele>35.11</ele>
   </trkpt>
   <trkpt lat="47.73765" lon="-52.71513">
    <ele>36.92</ele>
   </trkpt>
   <trkpt lat="47.73778" lon="-52.71571">
    <ele>42.78</ele>
   </trkpt>
   <trkpt lat="47.73756" lon="-52.71605">
    <ele>44.57000000000001</ele>
   </trkpt>
   <trkpt lat="47.736920000000005" lon="-52.71607">
    <ele>40.85</ele>
   </trkpt>
   <trkpt lat="47.736540000000005" lon="-52.71596">
    <ele>36.02</ele>
   </trkpt>
   <trkpt lat="47.73601000000001" lon="-52.71623">
    <ele>37.230000000000004</ele>
   </trkpt>
   <trkpt lat="47.735800000000005" lon="-52.71603">
    <ele>34.84</ele>
   </trkpt>
   <trkpt lat="47.7357" lon="-52.71585">
    <ele>31.78</ele>
   </trkpt>
   <trkpt lat="47.735490000000006" lon="-52.71585">
    <ele>30.050000000000004</ele>
   </trkpt>
   <trkpt lat="47.735035000374495" lon="-52.71609500207955">
    <ele>29.19</ele>
   </trkpt>
   <trkpt lat="47.73458" lon="-52.71634">
    <ele>28.87</ele>
   </trkpt>
   <trkpt lat="47.73442000000001" lon="-52.71616">
    <ele>26.38</ele>
   </trkpt>
   <trkpt lat="47.73396" lon="-52.71607">
    <ele>21.05</ele>
   </trkpt>
   <trkpt lat="47.733670000000004" lon="-52.716570000000004">
    <ele>24.66</ele>
   </trkpt>
   <trkpt lat="47.73358" lon="-52.71641">
    <ele>25.0</ele>
   </trkpt>
   <trkpt lat="47.73308" lon="-52.7167">
    <ele>27.410000000000004</ele>
   </trkpt>
   <trkpt lat="47.73283000000001" lon="-52.71665">
    <ele>25.550000000000004</ele>
   </trkpt>
   <trkpt lat="47.73274000000001" lon="-52.71688">
    <ele>27.040000000000003</ele>
   </trkpt>
   <trkpt lat="47.732820000000004" lon="-52.7173">
    <ele>32.269999999999996</ele>
   </trkpt>
   <trkpt lat="47.733000000000004" lon="-52.717510000000004">
    <ele>35.75</ele>
   </trkpt>
   <trkpt lat="47.733000000000004" lon="-52.717710000000004">
    <ele>36.82000000000001</ele>
   </trkpt>
   <trkpt lat="47.73292000000001" lon="-52.71782">
    <ele>36.410000000000004</ele>
   </trkpt>
   <trkpt lat="47.73243" lon="-52.717620000000004">
    <ele>32.74</ele>
   </trkpt>
   <trkpt lat="47.73225" lon="-52.71775">
    <ele>32.97</ele>
   </trkpt>
   <trkpt lat="47.73208" lon="-52.71779">
    <ele>30.96</ele>
   </trkpt>
   <trkpt lat="47.73178" lon="-52.71777">
    <ele>29.800000000000004</ele>
   </trkpt>
   <trkpt lat="47.73165" lon="-52.717980000000004">
    <ele>29.470000000000002</ele>
   </trkpt>
   <trkpt lat="47.73152" lon="-52.71795">
    <ele>29.900000000000002</ele>
   </trkpt>
   <trkpt lat="47.73151000000001" lon="-52.717940000000006">
    <ele>29.900000000000002</ele>
   </trkpt>
   <trkpt lat="47.73153000000001" lon="-52.717960000000005">
    <ele>29.830000000000002</ele>
   </trkpt>
   <trkpt lat="47.73145" lon="-52.71782">
    <ele>30.71</ele>
   </trkpt>
   <trkpt lat="47.73147" lon="-52.71752000000001">
    <ele>30.910000000000004</ele>
   </trkpt>
   <trkpt lat="47.73145" lon="-52.717420000000004">
    <ele>31.27</ele>
   </trkpt>
   <trkpt lat="47.731300000000005" lon="-52.7171">
    <ele>31.93</ele>
   </trkpt>
   <trkpt lat="47.73131" lon="-52.71692">
    <ele>31.360000000000007</ele>
   </trkpt>
   <trkpt lat="47.731480000000005" lon="-52.716300000000004">
    <ele>26.680000000000003</ele>
   </trkpt>
   <trkpt lat="47.73162000000001" lon="-52.71616">
    <ele>23.23</ele>
   </trkpt>
   <trkpt lat="47.731700000000004" lon="-52.71591">
    <ele>20.82</ele>
   </trkpt>
   <trkpt lat="47.73165" lon="-52.7158">
    <ele>20.17</ele>
   </trkpt>
   <trkpt lat="47.731590000000004" lon="-52.71535">
    <ele>19.24</ele>
   </trkpt>
   <trkpt lat="47.731320000000004" lon="-52.71493">
    <ele>21.17</ele>
   </trkpt>
   <trkpt lat="47.731260000000006" lon="-52.714800000000004">
    <ele>21.19</ele>
   </trkpt>
   <trkpt lat="47.73127" lon="-52.71453">
    <ele>19.28</ele>
   </trkpt>
   <trkpt lat="47.73118" lon="-52.71435">
    <ele>18.26</ele>
   </trkpt>
   <trkpt lat="47.731" lon="-52.714240000000004">
    <ele>18.590000000000003</ele>
   </trkpt>
   <trkpt lat="47.730880000000006" lon="-52.71412">
    <ele>19.12</ele>
   </trkpt>
   <trkpt lat="47.730790000000006" lon="-52.71394">
    <ele>18.31</ele>
   </trkpt>
   <trkpt lat="47.73059000000001" lon="-52.71379">
    <ele>16.05</ele>
   </trkpt>
   <trkpt lat="47.73048000000001" lon="-52.713660000000004">
    <ele>15.75</ele>
   </trkpt>
   <trkpt lat="47.730290000000004" lon="-52.713570000000004">
    <ele>17.75</ele>
   </trkpt>
   <trkpt lat="47.7302" lon="-52.71336">
    <ele>18.47</ele>
   </trkpt>
   <trkpt lat="47.72992000000001" lon="-52.71309">
    <ele>24.98</ele>
   </trkpt>
   <trkpt lat="47.72981" lon="-52.71303">
    <ele>25.79</ele>
   </trkpt>
   <trkpt lat="47.72961" lon="-52.71307">
    <ele>28.290000000000003</ele>
   </trkpt>
   <trkpt lat="47.72945000000001" lon="-52.71303">
    <ele>30.060000000000002</ele>
   </trkpt>
   <trkpt lat="47.72932" lon="-52.71298">
    <ele>30.430000000000003</ele>
   </trkpt>
   <trkpt lat="47.72916000000001" lon="-52.712830000000004">
    <ele>32.43</ele>
   </trkpt>
   <trkpt lat="47.72892" lon="-52.71278">
    <ele>36.160000000000004</ele>
   </trkpt>
   <trkpt lat="47.728410000000004" lon="-52.71238">
    <ele>39.81</ele>
   </trkpt>
   <trkpt lat="47.72834" lon="-52.71222">
    <ele>38.67</ele>
   </trkpt>
   <trkpt lat="47.72825" lon="-52.712160000000004">
    <ele>37.83</ele>
   </trkpt>
   <trkpt lat="47.728120000000004" lon="-52.71213">
    <ele>38.36000000000001</ele>
   </trkpt>
   <trkpt lat="47.727990000000005" lon="-52.71206">
    <ele>38.21</ele>
   </trkpt>
   <trkpt lat="47.727650000000004" lon="-52.71202">
    <ele>39.080000000000005</ele>
   </trkpt>
   <trkpt lat="47.72753" lon="-52.71209">
    <ele>40.449999999999996</ele>
   </trkpt>
   <trkpt lat="47.727410000000006" lon="-52.71211">
    <ele>41.04</ele>
   </trkpt>
   <trkpt lat="47.72706" lon="-52.712070000000004">
    <ele>41.010000000000005</ele>
   </trkpt>
   <trkpt lat="47.726800000000004" lon="-52.712070000000004">
    <ele>42.77</ele>
   </trkpt>
   <trkpt lat="47.72654000000001" lon="-52.71211">
    <ele>45.69</ele>
   </trkpt>
   <trkpt lat="47.72646" lon="-52.71215">
    <ele>47.00000000000001</ele>
   </trkpt>
   <trkpt lat="47.7263" lon="-52.71231">
    <ele>50.31000000000001</ele>
   </trkpt>
   <trkpt lat="47.72621" lon="-52.71233">
    <ele>53.00000000000001</ele>
   </trkpt>
   <trkpt lat="47.725880000000004" lon="-52.71224">
    <ele>56.52</ele>
   </trkpt>
   <trkpt lat="47.72565" lon="-52.71224">
    <ele>58.54</ele>
   </trkpt>
   <trkpt lat="47.72538" lon="-52.712120000000006">
    <ele>61.32000000000001</ele>
   </trkpt>
   <trkpt lat="47.725190000000005" lon="-52.711980000000004">
    <ele>61.26</ele>
   </trkpt>
   <trkpt lat="47.72505" lon="-52.71177">
    <ele>58.78</ele>
   </trkpt>
   <trkpt lat="47.72484" lon="-52.71166">
    <ele>58.32</ele>
   </trkpt>
   <trkpt lat="47.724500000000006" lon="-52.71168">
    <ele>62.83000000000001</ele>
   </trkpt>
   <trkpt lat="47.723980000000005" lon="-52.7115">
    <ele>63.27</ele>
   </trkpt>
   <trkpt lat="47.72352" lon="-52.71166">
    <ele>70.4</ele>
   </trkpt>
   <trkpt lat="47.72294" lon="-52.71166">
    <ele>76.02</ele>
   </trkpt>
   <trkpt lat="47.722840000000005" lon="-52.71162">
    <ele>76.00000000000001</ele>
   </trkpt>
   <trkpt lat="47.72278000000001" lon="-52.7115">
    <ele>75.35</ele>
   </trkpt>
   <trkpt lat="47.72278000000001" lon="-52.71121">
    <ele>73.14000000000001</ele>
   </trkpt>
   <trkpt lat="47.72285" lon="-52.71101">
    <ele>68.82000000000001</ele>
   </trkpt>
   <trkpt lat="47.72281" lon="-52.7109">
    <ele>67.63000000000001</ele>
   </trkpt>
   <trkpt lat="47.7227" lon="-52.710770000000004">
    <ele>66.64</ele>
   </trkpt>
   <trkpt lat="47.72251000000001" lon="-52.71041">
    <ele>65.0</ele>
   </trkpt>
   <trkpt lat="47.722190000000005" lon="-52.71018">
    <ele>62.54</ele>
   </trkpt>
   <trkpt lat="47.72164" lon="-52.71023">
    <ele>68.12</ele>
   </trkpt>
   <trkpt lat="47.72148000000001" lon="-52.710300000000004">
    <ele>69.5</ele>
   </trkpt>
   <trkpt lat="47.721120000000006" lon="-52.710280000000004">
    <ele>74.15</ele>
   </trkpt>
   <trkpt lat="47.721030000000006" lon="-52.71025">
    <ele>74.91</ele>
   </trkpt>
   <trkpt lat="47.72082" lon="-52.71003">
    <ele>74.26</ele>
   </trkpt>
   <trkpt lat="47.720560000000006" lon="-52.709810000000004">
    <ele>73.17000000000002</ele>
   </trkpt>
   <trkpt lat="47.72043000000001" lon="-52.709830000000004">
    <ele>72.64000000000001</ele>
   </trkpt>
   <trkpt lat="47.71998000000001" lon="-52.70931">
    <ele>72.38</ele>
   </trkpt>
   <trkpt lat="47.719840000000005" lon="-52.70897">
    <ele>76.03</ele>
   </trkpt>
   <trkpt lat="47.71976" lon="-52.70864">
    <ele>77.61000000000001</ele>
   </trkpt>
   <trkpt lat="47.71947" lon="-52.707950000000004">
    <ele>83.53</ele>
   </trkpt>
   <trkpt lat="47.71947" lon="-52.707660000000004">
    <ele>84.25</ele>
   </trkpt>
   <trkpt lat="47.71954" lon="-52.70743">
    <ele>84.45</ele>
   </trkpt>
   <trkpt lat="47.71963" lon="-52.707300000000004">
    <ele>84.19</ele>
   </trkpt>
   <trkpt lat="47.71974" lon="-52.70718">
    <ele>83.66000000000001</ele>
   </trkpt>
   <trkpt lat="47.71988" lon="-52.707100000000004">
    <ele>83.25</ele>
   </trkpt>
   <trkpt lat="47.72016000000001" lon="-52.70687">
    <ele>84.34</ele>
   </trkpt>
   <trkpt lat="47.720420000000004" lon="-52.706810000000004">
    <ele>85.93</ele>
   </trkpt>
   <trkpt lat="47.720650000000006" lon="-52.70685">
    <ele>83.88000000000001</ele>
   </trkpt>
   <trkpt lat="47.720800000000004" lon="-52.70678">
    <ele>81.42</ele>
   </trkpt>
   <trkpt lat="47.720940000000006" lon="-52.70656">
    <ele>80.74000000000001</ele>
   </trkpt>
   <trkpt lat="47.72099" lon="-52.706160000000004">
    <ele>81.35000000000001</ele>
   </trkpt>
   <trkpt lat="47.72106" lon="-52.70604">
    <ele>80.85000000000001</ele>
   </trkpt>
   <trkpt lat="47.721270000000004" lon="-52.70604">
    <ele>78.88000000000001</ele>
   </trkpt>
   <trkpt lat="47.72146" lon="-52.70593">
    <ele>78.17</ele>
   </trkpt>
   <trkpt lat="47.72169" lon="-52.705890000000004">
    <ele>76.17</ele>
   </trkpt>
   <trkpt lat="47.721810000000005" lon="-52.70566">
    <ele>76.61000000000001</ele>
   </trkpt>
   <trkpt lat="47.72185" lon="-52.70544">
    <ele>77.61000000000001</ele>
   </trkpt>
   <trkpt lat="47.721900000000005" lon="-52.705310000000004">
    <ele>77.37</ele>
   </trkpt>
   <trkpt lat="47.72198" lon="-52.7053">
    <ele>76.91000000000001</ele>
   </trkpt>
   <trkpt lat="47.72227" lon="-52.70548">
    <ele>70.24000000000001</ele>
   </trkpt>
   <trkpt lat="47.72241" lon="-52.70548">
    <ele>68.51</ele>
   </trkpt>
   <trkpt lat="47.722500000000004" lon="-52.705330000000004">
    <ele>68.41000000000001</ele>
   </trkpt>
   <trkpt lat="47.72265" lon="-52.70521">
    <ele>67.94</ele>
   </trkpt>
   <trkpt lat="47.72267" lon="-52.70506">
    <ele>65.39</ele>
   </trkpt>
   <trkpt lat="47.722820000000006" lon="-52.70499">
    <ele>60.03000000000001</ele>
   </trkpt>
   <trkpt lat="47.722930000000005" lon="-52.70483">
    <ele>57.32</ele>
   </trkpt>
   <trkpt lat="47.722910000000006" lon="-52.70474">
    <ele>56.970000000000006</ele>
   </trkpt>
   <trkpt lat="47.72276" lon="-52.70459">
    <ele>57.660000000000004</ele>
   </trkpt>
   <trkpt lat="47.72247" lon="-52.7045">
    <ele>62.43000000000001</ele>
   </trkpt>
   <trkpt lat="47.72205" lon="-52.70403">
    <ele>69.21000000000001</ele>
   </trkpt>
   <trkpt lat="47.72191" lon="-52.70356">
    <ele>68.38000000000001</ele>
   </trkpt>
   <trkpt lat="47.721790000000006" lon="-52.70342">
    <ele>68.45</ele>
   </trkpt>
   <trkpt lat="47.72177000000001" lon="-52.703250000000004">
    <ele>67.78</ele>
   </trkpt>
   <trkpt lat="47.721700000000006" lon="-52.70309">
    <ele>67.24000000000001</ele>
   </trkpt>
   <trkpt lat="47.72171" lon="-52.70284">
    <ele>63.40000000000001</ele>
   </trkpt>
   <trkpt lat="47.72177000000001" lon="-52.702510000000004">
    <ele>61.06</ele>
   </trkpt>
   <trkpt lat="47.72171" lon="-52.70241000000001">
    <ele>60.68000000000001</ele>
   </trkpt>
   <trkpt lat="47.7216" lon="-52.70224">
    <ele>59.60000000000001</ele>
   </trkpt>
   <trkpt lat="47.72144" lon="-52.70219">
    <ele>58.980000000000004</ele>
   </trkpt>
   <trkpt lat="47.72126" lon="-52.70201">
    <ele>58.1</ele>
   </trkpt>
   <trkpt lat="47.721140000000005" lon="-52.70183">
    <ele>57.790000000000006</ele>
   </trkpt>
   <trkpt lat="47.721000000000004" lon="-52.70183">
    <ele>58.220000000000006</ele>
   </trkpt>
   <trkpt lat="47.72084" lon="-52.70168">
    <ele>58.96</ele>
   </trkpt>
   <trkpt lat="47.72061" lon="-52.70152">
    <ele>60.440000000000005</ele>
   </trkpt>
   <trkpt lat="47.72041" lon="-52.70125">
    <ele>59.99</ele>
   </trkpt>
   <trkpt lat="47.72032" lon="-52.70118">
    <ele>60.46000000000001</ele>
   </trkpt>
   <trkpt lat="47.72001" lon="-52.70118">
    <ele>65.62</ele>
   </trkpt>
   <trkpt lat="47.71969000000001" lon="-52.701150000000005">
    <ele>69.53</ele>
   </trkpt>
   <trkpt lat="47.719680000000004" lon="-52.701150000000005">
    <ele>69.53</ele>
   </trkpt>
   <trkpt lat="47.719260000000006" lon="-52.70118">
    <ele>77.33000000000001</ele>
   </trkpt>
   <trkpt lat="47.71905" lon="-52.701240000000006">
    <ele>80.43</ele>
   </trkpt>
   <trkpt lat="47.71894" lon="-52.70123">
    <ele>80.43</ele>
   </trkpt>
   <trkpt lat="47.718680000000006" lon="-52.70125">
    <ele>57.400000000000006</ele>
   </trkpt>
   <trkpt lat="47.718630000000005" lon="-52.70131000000001">
    <ele>47.00000000000001</ele>
   </trkpt>
   <trkpt lat="47.71864" lon="-52.70143">
    <ele>47.00000000000001</ele>
   </trkpt>
   <trkpt lat="47.71871" lon="-52.701460000000004">
    <ele>54.99</ele>
   </trkpt>
   <trkpt lat="47.71869" lon="-52.70206">
    <ele>51.660000000000004</ele>
   </trkpt>
   <trkpt lat="47.718590000000006" lon="-52.70221">
    <ele>51.61</ele>
   </trkpt>
   <trkpt lat="47.718540000000004" lon="-52.70237">
    <ele>50.940000000000005</ele>
   </trkpt>
   <trkpt lat="47.71799000000001" lon="-52.702490000000004">
    <ele>40.660000000000004</ele>
   </trkpt>
   <trkpt lat="47.71782" lon="-52.70255">
    <ele>37.84</ele>
   </trkpt>
   <trkpt lat="47.717510000000004" lon="-52.70291">
    <ele>38.75</ele>
   </trkpt>
   <trkpt lat="47.71754000000001" lon="-52.70293">
    <ele>41.220000000000006</ele>
   </trkpt>
   <trkpt lat="47.7173" lon="-52.70336">
    <ele>43.980000000000004</ele>
   </trkpt>
   <trkpt lat="47.717200000000005" lon="-52.70336">
    <ele>43.27</ele>
   </trkpt>
   <trkpt lat="47.717090000000006" lon="-52.70347">
    <ele>42.760000000000005</ele>
   </trkpt>
   <trkpt lat="47.717020000000005" lon="-52.70365">
    <ele>42.53</ele>
   </trkpt>
   <trkpt lat="47.71683" lon="-52.703720000000004">
    <ele>40.92</ele>
   </trkpt>
   <trkpt lat="47.71652" lon="-52.70369">
    <ele>38.540000000000006</ele>
   </trkpt>
   <trkpt lat="47.716170000000005" lon="-52.703900000000004">
    <ele>38.790000000000006</ele>
   </trkpt>
   <trkpt lat="47.71607" lon="-52.7038">
    <ele>36.75000000000001</ele>
   </trkpt>
   <trkpt lat="47.71604000000001" lon="-52.70365">
    <ele>35.69</ele>
   </trkpt>
   <trkpt lat="47.71582" lon="-52.70365">
    <ele>36.49</ele>
   </trkpt>
   <trkpt lat="47.71575000000001" lon="-52.70376">
    <ele>38.31</ele>
   </trkpt>
   <trkpt lat="47.71558" lon="-52.703920000000004">
    <ele>40.64</ele>
   </trkpt>
   <trkpt lat="47.7154" lon="-52.70423">
    <ele>42.2</ele>
   </trkpt>
   <trkpt lat="47.71501000000001" lon="-52.70425">
    <ele>48.400000000000006</ele>
   </trkpt>
   <trkpt lat="47.714690000000004" lon="-52.70452">
    <ele>57.93</ele>
   </trkpt>
   <trkpt lat="47.714580000000005" lon="-52.704480000000004">
    <ele>59.86</ele>
   </trkpt>
   <trkpt lat="47.714400000000005" lon="-52.70465">
    <ele>65.23</ele>
   </trkpt>
   <trkpt lat="47.71426" lon="-52.70461">
    <ele>66.64</ele>
   </trkpt>
   <trkpt lat="47.7141" lon="-52.7047">
    <ele>67.86</ele>
   </trkpt>
   <trkpt lat="47.71394" lon="-52.7049">
    <ele>67.31</ele>
   </trkpt>
   <trkpt lat="47.713570000000004" lon="-52.70524">
    <ele>62.56</ele>
   </trkpt>
   <trkpt lat="47.71341" lon="-52.705510000000004">
    <ele>63.34</ele>
   </trkpt>
   <trkpt lat="47.71293000000001" lon="-52.706160000000004">
    <ele>74.37</ele>
   </trkpt>
   <trkpt lat="47.71267" lon="-52.70631">
    <ele>76.86000000000001</ele>
   </trkpt>
   <trkpt lat="47.712590000000006" lon="-52.70638">
    <ele>75.29</ele>
   </trkpt>
   <trkpt lat="47.712410000000006" lon="-52.7064">
    <ele>73.25000000000001</ele>
   </trkpt>
   <trkpt lat="47.712120000000006" lon="-52.70665">
    <ele>75.00000000000001</ele>
   </trkpt>
   <trkpt lat="47.71163000000001" lon="-52.70685">
    <ele>71.49000000000001</ele>
   </trkpt>
   <trkpt lat="47.711380000000005" lon="-52.706920000000004">
    <ele>69.02000000000001</ele>
   </trkpt>
   <trkpt lat="47.711220000000004" lon="-52.70723">
    <ele>65.13000000000001</ele>
   </trkpt>
   <trkpt lat="47.711090000000006" lon="-52.70725">
    <ele>63.7</ele>
   </trkpt>
   <trkpt lat="47.710950000000004" lon="-52.70732">
    <ele>61.92</ele>
   </trkpt>
   <trkpt lat="47.71069000000001" lon="-52.70754">
    <ele>50.45</ele>
   </trkpt>
   <trkpt lat="47.71058000000001" lon="-52.70756">
    <ele>48.99</ele>
   </trkpt>
   <trkpt lat="47.71043" lon="-52.707750000000004">
    <ele>45.02</ele>
   </trkpt>
   <trkpt lat="47.70994" lon="-52.70781">
    <ele>41.97</ele>
   </trkpt>
   <trkpt lat="47.70973" lon="-52.70792">
    <ele>38.77</ele>
   </trkpt>
   <trkpt lat="47.7096" lon="-52.70781">
    <ele>34.67</ele>
   </trkpt>
   <trkpt lat="47.709390000000006" lon="-52.70779">
    <ele>31.85</ele>
   </trkpt>
   <trkpt lat="47.70902" lon="-52.70815">
    <ele>25.61</ele>
   </trkpt>
   <trkpt lat="47.708960000000005" lon="-52.7083">
    <ele>26.01</ele>
   </trkpt>
   <trkpt lat="47.708600000000004" lon="-52.70875">
    <ele>28.650000000000002</ele>
   </trkpt>
   <trkpt lat="47.70817" lon="-52.70891">
    <ele>29.030000000000005</ele>
   </trkpt>
   <trkpt lat="47.708000000000006" lon="-52.70924">
    <ele>30.45</ele>
   </trkpt>
   <trkpt lat="47.707910000000005" lon="-52.70929">
    <ele>31.040000000000003</ele>
   </trkpt>
   <trkpt lat="47.707730000000005" lon="-52.70913">
    <ele>32.29</ele>
   </trkpt>
   <trkpt lat="47.707710000000006" lon="-52.70886">
    <ele>33.300000000000004</ele>
   </trkpt>
   <trkpt lat="47.707890000000006" lon="-52.708800000000004">
    <ele>34.760000000000005</ele>
   </trkpt>
   <trkpt lat="47.70796000000001" lon="-52.70864">
    <ele>35.4</ele>
   </trkpt>
   <trkpt lat="47.70792" lon="-52.70853">
    <ele>35.82000000000001</ele>
   </trkpt>
   <trkpt lat="47.70808" lon="-52.708220000000004">
    <ele>36.910000000000004</ele>
   </trkpt>
   <trkpt lat="47.708420000000004" lon="-52.708310000000004">
    <ele>40.32</ele>
   </trkpt>
   <trkpt lat="47.70863000000001" lon="-52.70792">
    <ele>40.82</ele>
   </trkpt>
   <trkpt lat="47.70863000000001" lon="-52.70772">
    <ele>38.830000000000005</ele>
   </trkpt>
   <trkpt lat="47.70853" lon="-52.70781">
    <ele>37.24</ele>
   </trkpt>
   <trkpt lat="47.708290000000005" lon="-52.70779">
    <ele>35.92</ele>
   </trkpt>
   <trkpt lat="47.708310000000004" lon="-52.70779">
    <ele>35.99</ele>
   </trkpt>
   <trkpt lat="47.708290000000005" lon="-52.70779">
    <ele>35.92</ele>
   </trkpt>
   <trkpt lat="47.7083" lon="-52.70779">
    <ele>35.92</ele>
   </trkpt>
   <trkpt lat="47.7081" lon="-52.707770000000004">
    <ele>34.81</ele>
   </trkpt>
   <trkpt lat="47.707750000000004" lon="-52.707840000000004">
    <ele>32.38</ele>
   </trkpt>
   <trkpt lat="47.70736" lon="-52.707840000000004">
    <ele>26.18</ele>
   </trkpt>
   <trkpt lat="47.70718" lon="-52.70772">
    <ele>25.61</ele>
   </trkpt>
   <trkpt lat="47.707080000000005" lon="-52.70797">
    <ele>25.330000000000002</ele>
   </trkpt>
   <trkpt lat="47.706880000000005" lon="-52.708310000000004">
    <ele>25.0</ele>
   </trkpt>
   <trkpt lat="47.706900000000005" lon="-52.708510000000004">
    <ele>27.160000000000004</ele>
   </trkpt>
   <trkpt lat="47.70694" lon="-52.70868">
    <ele>28.26</ele>
   </trkpt>
   <trkpt lat="47.70691" lon="-52.70886">
    <ele>29.890000000000004</ele>
   </trkpt>
   <trkpt lat="47.706830000000004" lon="-52.70895">
    <ele>30.820000000000004</ele>
   </trkpt>
   <trkpt lat="47.70674" lon="-52.709">
    <ele>31.490000000000002</ele>
   </trkpt>
   <trkpt lat="47.70656" lon="-52.70918">
    <ele>33.57</ele>
   </trkpt>
   <trkpt lat="47.706480000000006" lon="-52.70931">
    <ele>34.480000000000004</ele>
   </trkpt>
   <trkpt lat="47.70637000000001" lon="-52.71016">
    <ele>39.41</ele>
   </trkpt>
   <trkpt lat="47.70626000000001" lon="-52.710300000000004">
    <ele>40.52</ele>
   </trkpt>
   <trkpt lat="47.70602" lon="-52.71047">
    <ele>44.28000000000001</ele>
   </trkpt>
   <trkpt lat="47.705760000000005" lon="-52.71025">
    <ele>44.49</ele>
   </trkpt>
   <trkpt lat="47.70557" lon="-52.710210000000004">
    <ele>44.190000000000005</ele>
   </trkpt>
   <trkpt lat="47.70539" lon="-52.710210000000004">
    <ele>44.18</ele>
   </trkpt>
   <trkpt lat="47.705220000000004" lon="-52.71027">
    <ele>44.65</ele>
   </trkpt>
   <trkpt lat="47.705040000000004" lon="-52.71036">
    <ele>44.69</ele>
   </trkpt>
   <trkpt lat="47.70465" lon="-52.71072">
    <ele>43.47</ele>
   </trkpt>
   <trkpt lat="47.70440000000001" lon="-52.71088">
    <ele>41.95</ele>
   </trkpt>
   <trkpt lat="47.70395000022944" lon="-52.711015001120316">
    <ele>40.92</ele>
   </trkpt>
   <trkpt lat="47.703500000000005" lon="-52.71115">
    <ele>36.69</ele>
   </trkpt>
   <trkpt lat="47.70338" lon="-52.71115">
    <ele>34.370000000000005</ele>
   </trkpt>
   <trkpt lat="47.703140000000005" lon="-52.7111">
    <ele>32.980000000000004</ele>
   </trkpt>
   <trkpt lat="47.703160000000004" lon="-52.711110000000005">
    <ele>33.11</ele>
   </trkpt>
   <trkpt lat="47.70290000000001" lon="-52.71097">
    <ele>29.280000000000005</ele>
   </trkpt>
   <trkpt lat="47.702760000000005" lon="-52.71088">
    <ele>27.05</ele>
   </trkpt>
   <trkpt lat="47.702270000000006" lon="-52.71043">
    <ele>22.35</ele>
   </trkpt>
   <trkpt lat="47.70159" lon="-52.71009">
    <ele>20.970000000000002</ele>
   </trkpt>
   <trkpt lat="47.701440000000005" lon="-52.70994">
    <ele>21.43</ele>
   </trkpt>
   <trkpt lat="47.70134" lon="-52.709790000000005">
    <ele>21.61</ele>
   </trkpt>
   <trkpt lat="47.70129000000001" lon="-52.70965">
    <ele>21.490000000000002</ele>
   </trkpt>
   <trkpt lat="47.70118" lon="-52.70915">
    <ele>20.62</ele>
   </trkpt>
   <trkpt lat="47.70103" lon="-52.708780000000004">
    <ele>19.24</ele>
   </trkpt>
   <trkpt lat="47.7005300023181" lon="-52.70805999319005">
    <ele>11.690000000000001</ele>
   </trkpt>
   <trkpt lat="47.700030000000005" lon="-52.70734">
    <ele>10.520000000000001</ele>
   </trkpt>
   <trkpt lat="47.699920000000006" lon="-52.70721">
    <ele>10.43</ele>
   </trkpt>
   <trkpt lat="47.69979000000001" lon="-52.70698">
    <ele>9.56</ele>
   </trkpt>
   <trkpt lat="47.69973" lon="-52.70653">
    <ele>6.42</ele>
   </trkpt>
   <trkpt lat="47.699630000000006" lon="-52.706070000000004">
    <ele>4.47</ele>
   </trkpt>
   <trkpt lat="47.69944500174761" lon="-52.70542999761939">
    <ele>3.41</ele>
   </trkpt>
   <trkpt lat="47.69926" lon="-52.70479">
    <ele>4.2700000000000005</ele>
   </trkpt>
   <trkpt lat="47.69919" lon="-52.70434">
    <ele>5.280000000000001</ele>
   </trkpt>
   <trkpt lat="47.69915" lon="-52.703720000000004">
    <ele>6.430000000000001</ele>
   </trkpt>
   <trkpt lat="47.69921" lon="-52.703630000000004">
    <ele>6.930000000000001</ele>
   </trkpt>
   <trkpt lat="47.69941000000001" lon="-52.70304">
    <ele>9.13</ele>
   </trkpt>
   <trkpt lat="47.69990000000001" lon="-52.70237">
    <ele>12.72</ele>
   </trkpt>
   <trkpt lat="47.7" lon="-52.702310000000004">
    <ele>13.47</ele>
   </trkpt>
   <trkpt lat="47.700250000000004" lon="-52.70286">
    <ele>-1.24</ele>
   </trkpt>
   <trkpt lat="47.70035000000001" lon="-52.70277">
    <ele>-1.54</ele>
   </trkpt>
   <trkpt lat="47.7006" lon="-52.70246">
    <ele>-1.08</ele>
   </trkpt>
   <trkpt lat="47.70064000000001" lon="-52.702220000000004">
    <ele>0.26</ele>
   </trkpt>
   <trkpt lat="47.70074" lon="-52.70201">
    <ele>2.16</ele>
   </trkpt>
   <trkpt lat="47.70085" lon="-52.70187000000001">
    <ele>3.0</ele>
   </trkpt>
   <trkpt lat="47.700970000000005" lon="-52.70177">
    <ele>3.0900000000000003</ele>
   </trkpt>
   <trkpt lat="47.70127" lon="-52.70132">
    <ele>4.430000000000001</ele>
   </trkpt>
   <trkpt lat="47.701690000000006" lon="-52.70085">
    <ele>5.49</ele>
   </trkpt>
   <trkpt lat="47.701910000000005" lon="-52.70031">
    <ele>8.08</ele>
   </trkpt>
   <trkpt lat="47.70247500151536" lon="-52.69969500680438">
    <ele>11.89</ele>
   </trkpt>
   <trkpt lat="47.70304" lon="-52.69908">
    <ele>12.900000000000002</ele>
   </trkpt>
   <trkpt lat="47.70362" lon="-52.698660000000004">
    <ele>14.93</ele>
   </trkpt>
   <trkpt lat="47.70412000143821" lon="-52.69807500566784">
    <ele>18.240000000000002</ele>
   </trkpt>
   <trkpt lat="47.704620000000006" lon="-52.69749">
    <ele>19.75</ele>
   </trkpt>
   <trkpt lat="47.70500000133878" lon="-52.69695000383417">
    <ele>21.01</ele>
   </trkpt>
   <trkpt lat="47.705380000000005" lon="-52.69641000000001">
    <ele>23.450000000000003</ele>
   </trkpt>
   <trkpt lat="47.705380000000005" lon="-52.696400000000004">
    <ele>23.62</ele>
   </trkpt>
   <trkpt lat="47.70501" lon="-52.696760000000005">
    <ele>23.49</ele>
   </trkpt>
   <trkpt lat="47.70497" lon="-52.6968">
    <ele>23.470000000000002</ele>
   </trkpt>
   <trkpt lat="47.704950000000004" lon="-52.69682">
    <ele>23.450000000000003</ele>
   </trkpt>
   <trkpt lat="47.70469000000001" lon="-52.697070000000004">
    <ele>23.89</ele>
   </trkpt>
   <trkpt lat="47.70408000041312" lon="-52.6972950025617">
    <ele>25.59</ele>
   </trkpt>
   <trkpt lat="47.70347" lon="-52.697520000000004">
    <ele>29.460000000000004</ele>
   </trkpt>
   <trkpt lat="47.703050000000005" lon="-52.69803">
    <ele>33.49</ele>
   </trkpt>
   <trkpt lat="47.70272000000001" lon="-52.69807">
    <ele>34.47</ele>
   </trkpt>
   <trkpt lat="47.70224000004908" lon="-52.69825000169174">
    <ele>35.660000000000004</ele>
   </trkpt>
   <trkpt lat="47.70176000000001" lon="-52.69843">
    <ele>40.1</ele>
   </trkpt>
   <trkpt lat="47.701080000000005" lon="-52.6989">
    <ele>43.0</ele>
   </trkpt>
   <trkpt lat="47.700700000000005" lon="-52.69899">
    <ele>41.54</ele>
   </trkpt>
   <trkpt lat="47.70056" lon="-52.69868">
    <ele>41.82</ele>
   </trkpt>
   <trkpt lat="47.69997" lon="-52.69915">
    <ele>46.07000000000001</ele>
   </trkpt>
   <trkpt lat="47.699490000000004" lon="-52.69939">
    <ele>47.52</ele>
   </trkpt>
   <trkpt lat="47.69879" lon="-52.700070000000004">
    <ele>47.66</ele>
   </trkpt>
   <trkpt lat="47.69829000005003" lon="-52.70015500081197">
    <ele>43.77</ele>
   </trkpt>
   <trkpt lat="47.697790000000005" lon="-52.70024">
    <ele>44.550000000000004</ele>
   </trkpt>
   <trkpt lat="47.697340000213515" lon="-52.7004200015244">
    <ele>42.260000000000005</ele>
   </trkpt>
   <trkpt lat="47.69689" lon="-52.7006">
    <ele>46.57000000000001</ele>
   </trkpt>
   <trkpt lat="47.69652000000001" lon="-52.700450000000004">
    <ele>52.300000000000004</ele>
   </trkpt>
   <trkpt lat="47.696290000000005" lon="-52.70065">
    <ele>52.85</ele>
   </trkpt>
   <trkpt lat="47.69592" lon="-52.70078">
    <ele>54.07000000000001</ele>
   </trkpt>
   <trkpt lat="47.69539" lon="-52.70065">
    <ele>61.46000000000001</ele>
   </trkpt>
   <trkpt lat="47.69483" lon="-52.700300000000006">
    <ele>74.07000000000001</ele>
   </trkpt>
   <trkpt lat="47.6943650004956" lon="-52.70067500343699">
    <ele>77.05000000000001</ele>
   </trkpt>
   <trkpt lat="47.693900000000006" lon="-52.70105">
    <ele>80.80000000000001</ele>
   </trkpt>
   <trkpt lat="47.69333" lon="-52.70165">
    <ele>80.48</ele>
   </trkpt>
   <trkpt lat="47.693270000000005" lon="-52.70186">
    <ele>81.17</ele>
   </trkpt>
   <trkpt lat="47.69297" lon="-52.70219">
    <ele>81.9</ele>
   </trkpt>
   <trkpt lat="47.69279" lon="-52.70228">
    <ele>82.13000000000001</ele>
   </trkpt>
   <trkpt lat="47.6925" lon="-52.70264">
    <ele>83.15</ele>
   </trkpt>
   <trkpt lat="47.692420000000006" lon="-52.70286">
    <ele>84.18</ele>
   </trkpt>
   <trkpt lat="47.692240000000005" lon="-52.70318">
    <ele>86.94</ele>
   </trkpt>
   <trkpt lat="47.692060000000005" lon="-52.70342">
    <ele>89.36000000000001</ele>
   </trkpt>
   <trkpt lat="47.6916" lon="-52.70371">
    <ele>92.43</ele>
   </trkpt>
   <trkpt lat="47.691520000000004" lon="-52.704010000000004">
    <ele>93.66000000000001</ele>
   </trkpt>
   <trkpt lat="47.69111500333813" lon="-52.70488000664868">
    <ele>102.07000000000001</ele>
   </trkpt>
   <trkpt lat="47.69071" lon="-52.70575">
    <ele>110.39000000000001</ele>
   </trkpt>
   <trkpt lat="47.69073" lon="-52.70609">
    <ele>113.71000000000001</ele>
   </trkpt>
   <trkpt lat="47.69035" lon="-52.70712">
    <ele>128.89000000000001</ele>
   </trkpt>
   <trkpt lat="47.690400000000004" lon="-52.7077">
    <ele>127.77000000000002</ele>
   </trkpt>
   <trkpt lat="47.690400000000004" lon="-52.70801">
    <ele>126.59</ele>
   </trkpt>
   <trkpt lat="47.69026" lon="-52.70817">
    <ele>124.32000000000001</ele>
   </trkpt>
   <trkpt lat="47.689780000000006" lon="-52.708400000000005">
    <ele>117.44</ele>
   </trkpt>
   <trkpt lat="47.68966" lon="-52.7085">
    <ele>114.53</ele>
   </trkpt>
   <trkpt lat="47.68945" lon="-52.70824">
    <ele>112.19000000000001</ele>
   </trkpt>
   <trkpt lat="47.689280000000004" lon="-52.70853">
    <ele>109.1</ele>
   </trkpt>
   <trkpt lat="47.689280000000004" lon="-52.708540000000006">
    <ele>97.76</ele>
   </trkpt>
   <trkpt lat="47.6891" lon="-52.708690000000004">
    <ele>97.91000000000001</ele>
   </trkpt>
   <trkpt lat="47.689040000000006" lon="-52.70859">
    <ele>95.53</ele>
   </trkpt>
   <trkpt lat="47.68901" lon="-52.70846">
    <ele>91.7</ele>
   </trkpt>
   <trkpt lat="47.68900000000001" lon="-52.70819">
    <ele>80.78</ele>
   </trkpt>
   <trkpt lat="47.689060000000005" lon="-52.707950000000004">
    <ele>71.14</ele>
   </trkpt>
   <trkpt lat="47.68912" lon="-52.70783">
    <ele>65.44000000000001</ele>
   </trkpt>
   <trkpt lat="47.689060000000005" lon="-52.70763">
    <ele>52.10000000000001</ele>
   </trkpt>
   <trkpt lat="47.688950000000006" lon="-52.70756">
    <ele>45.94</ele>
   </trkpt>
   <trkpt lat="47.68885" lon="-52.70761">
    <ele>43.510000000000005</ele>
   </trkpt>
   <trkpt lat="47.688770000000005" lon="-52.70768">
    <ele>44.0</ele>
   </trkpt>
   <trkpt lat="47.68865" lon="-52.7079">
    <ele>56.24</ele>
   </trkpt>
   <trkpt lat="47.688480000000006" lon="-52.70803">
    <ele>56.46</ele>
   </trkpt>
   <trkpt lat="47.688390000000005" lon="-52.70806">
    <ele>53.44</ele>
   </trkpt>
   <trkpt lat="47.68833" lon="-52.707950000000004">
    <ele>47.330000000000005</ele>
   </trkpt>
   <trkpt lat="47.68824" lon="-52.7079">
    <ele>42.910000000000004</ele>
   </trkpt>
   <trkpt lat="47.68818" lon="-52.70803">
    <ele>44.120000000000005</ele>
   </trkpt>
   <trkpt lat="47.68816" lon="-52.70817">
    <ele>47.190000000000005</ele>
   </trkpt>
   <trkpt lat="47.68809" lon="-52.70826">
    <ele>45.43000000000001</ele>
   </trkpt>
   <trkpt lat="47.688" lon="-52.70828">
    <ele>44.410000000000004</ele>
   </trkpt>
   <trkpt lat="47.687900000000006" lon="-52.70828">
    <ele>44.6</ele>
   </trkpt>
   <trkpt lat="47.687720000000006" lon="-52.708330000000004">
    <ele>48.690000000000005</ele>
   </trkpt>
   <trkpt lat="47.687630000000006" lon="-52.7083">
    <ele>50.260000000000005</ele>
   </trkpt>
   <trkpt lat="47.687450000000005" lon="-52.70837">
    <ele>53.980000000000004</ele>
   </trkpt>
   <trkpt lat="47.687520000000006" lon="-52.70848">
    <ele>56.6</ele>
   </trkpt>
   <trkpt lat="47.687520000000006" lon="-52.70871">
    <ele>62.51000000000001</ele>
   </trkpt>
   <trkpt lat="47.687430000000006" lon="-52.708690000000004">
    <ele>63.13</ele>
   </trkpt>
   <trkpt lat="47.687340000000006" lon="-52.70873">
    <ele>63.13</ele>
   </trkpt>
   <trkpt lat="47.68737" lon="-52.708870000000005">
    <ele>68.79</ele>
   </trkpt>
   <trkpt lat="47.68748" lon="-52.70911">
    <ele>73.37</ele>
   </trkpt>
   <trkpt lat="47.687540000000006" lon="-52.70922">
    <ele>74.23</ele>
   </trkpt>
   <trkpt lat="47.68762" lon="-52.70931">
    <ele>74.41</ele>
   </trkpt>
   <trkpt lat="47.68761000000001" lon="-52.709450000000004">
    <ele>74.41</ele>
   </trkpt>
   <trkpt lat="47.68757" lon="-52.70958">
    <ele>82.05000000000001</ele>
   </trkpt>
   <trkpt lat="47.687630000000006" lon="-52.70985">
    <ele>86.46000000000001</ele>
   </trkpt>
   <trkpt lat="47.687450000000005" lon="-52.71016">
    <ele>95.56</ele>
   </trkpt>
   <trkpt lat="47.687450000000005" lon="-52.710150000000006">
    <ele>89.77</ele>
   </trkpt>
   <trkpt lat="47.68701" lon="-52.7094">
    <ele>88.77</ele>
   </trkpt>
   <trkpt lat="47.68665000000001" lon="-52.70906">
    <ele>88.66</ele>
   </trkpt>
   <trkpt lat="47.68643" lon="-52.709">
    <ele>88.77</ele>
   </trkpt>
   <trkpt lat="47.68600000000001" lon="-52.70868">
    <ele>87.13000000000001</ele>
   </trkpt>
   <trkpt lat="47.685460000000006" lon="-52.70806">
    <ele>94.47000000000001</ele>
   </trkpt>
   <trkpt lat="47.685050000000004" lon="-52.70754">
    <ele>101.58</ele>
   </trkpt>
   <trkpt lat="47.684960000000004" lon="-52.70801">
    <ele>108.25000000000001</ele>
   </trkpt>
   <trkpt lat="47.684720000000006" lon="-52.70864">
    <ele>119.84000000000002</ele>
   </trkpt>
   <trkpt lat="47.684470000000005" lon="-52.709160000000004">
    <ele>123.71000000000001</ele>
   </trkpt>
   <trkpt lat="47.6843" lon="-52.70985">
    <ele>123.59</ele>
   </trkpt>
   <trkpt lat="47.68421000000001" lon="-52.710640000000005">
    <ele>116.59000000000002</ele>
   </trkpt>
   <trkpt lat="47.684340000000006" lon="-52.711800000000004">
    <ele>111.84</ele>
   </trkpt>
   <trkpt lat="47.684000000000005" lon="-52.71186">
    <ele>110.87</ele>
   </trkpt>
   <trkpt lat="47.68342600903769" lon="-52.71258203180366">
    <ele>105.99000000000001</ele>
   </trkpt>
   <trkpt lat="47.68285201354597" lon="-52.713304047718">
    <ele>102.03</ele>
   </trkpt>
   <trkpt lat="47.68227801352502" lon="-52.71402604774356">
    <ele>95.06</ele>
   </trkpt>
   <trkpt lat="47.681704008975046" lon="-52.714748031880895">
    <ele>91.36000000000001</ele>
   </trkpt>
   <trkpt lat="47.68113" lon="-52.71547">
    <ele>90.24</ele>
   </trkpt>
   <trkpt lat="47.68095000177329" lon="-52.716120002467086">
    <ele>91.79</ele>
   </trkpt>
   <trkpt lat="47.68077" lon="-52.716770000000004">
    <ele>91.65</ele>
   </trkpt>
   <trkpt lat="47.68037500142312" lon="-52.71734000429876">
    <ele>87.01</ele>
   </trkpt>
   <trkpt lat="47.67998" lon="-52.71791">
    <ele>82.36</ele>
   </trkpt>
   <trkpt lat="47.679680000000005" lon="-52.7182">
    <ele>79.21000000000001</ele>
   </trkpt>
   <trkpt lat="47.67942" lon="-52.71831">
    <ele>80.07000000000001</ele>
   </trkpt>
   <trkpt lat="47.6792" lon="-52.71858">
    <ele>80.5</ele>
   </trkpt>
   <trkpt lat="47.678900000000006" lon="-52.719390000000004">
    <ele>79.91000000000001</ele>
   </trkpt>
   <trkpt lat="47.678790000000006" lon="-52.71997">
    <ele>80.75</ele>
   </trkpt>
   <trkpt lat="47.67844" lon="-52.72079">
    <ele>78.89</ele>
   </trkpt>
   <trkpt lat="47.67804" lon="-52.72091">
    <ele>77.81</ele>
   </trkpt>
   <trkpt lat="47.677710000000005" lon="-52.72131">
    <ele>77.12</ele>
   </trkpt>
   <trkpt lat="47.67745000000001" lon="-52.72142">
    <ele>73.64000000000001</ele>
   </trkpt>
   <trkpt lat="47.677080000000004" lon="-52.72185">
    <ele>68.78</ele>
   </trkpt>
   <trkpt lat="47.67687" lon="-52.722210000000004">
    <ele>62.44</ele>
   </trkpt>
   <trkpt lat="47.67680000000001" lon="-52.72245">
    <ele>60.78000000000001</ele>
   </trkpt>
   <trkpt lat="47.676700000000004" lon="-52.722590000000004">
    <ele>60.21000000000001</ele>
   </trkpt>
   <trkpt lat="47.676550000000006" lon="-52.72272">
    <ele>60.29</ele>
   </trkpt>
   <trkpt lat="47.676190000000005" lon="-52.72261">
    <ele>57.260000000000005</ele>
   </trkpt>
   <trkpt lat="47.675850000000004" lon="-52.72281">
    <ele>52.14000000000001</ele>
   </trkpt>
   <trkpt lat="47.67535" lon="-52.72272">
    <ele>50.56</ele>
   </trkpt>
   <trkpt lat="47.67528" lon="-52.72272">
    <ele>50.330000000000005</ele>
   </trkpt>
   <trkpt lat="47.675090000000004" lon="-52.722840000000005">
    <ele>47.88</ele>
   </trkpt>
   <trkpt lat="47.67474000000001" lon="-52.72265">
    <ele>45.64000000000001</ele>
   </trkpt>
   <trkpt lat="47.67425500087986" lon="-52.72223999631577">
    <ele>45.900000000000006</ele>
   </trkpt>
   <trkpt lat="47.673770000000005" lon="-52.721830000000004">
    <ele>45.86000000000001</ele>
   </trkpt>
   <trkpt lat="47.673500000000004" lon="-52.72142">
    <ele>45.300000000000004</ele>
   </trkpt>
   <trkpt lat="47.6734" lon="-52.72142">
    <ele>45.18000000000001</ele>
   </trkpt>
   <trkpt lat="47.67316" lon="-52.721500000000006">
    <ele>44.910000000000004</ele>
   </trkpt>
   <trkpt lat="47.67277000078179" lon="-52.72109999709953">
    <ele>42.22</ele>
   </trkpt>
   <trkpt lat="47.672380000000004" lon="-52.7207">
    <ele>43.83</ele>
   </trkpt>
   <trkpt lat="47.672180000000004" lon="-52.720710000000004">
    <ele>44.24</ele>
   </trkpt>
   <trkpt lat="47.671800000000005" lon="-52.72055">
    <ele>45.790000000000006</ele>
   </trkpt>
   <trkpt lat="47.67125" lon="-52.720800000000004">
    <ele>48.050000000000004</ele>
   </trkpt>
   <trkpt lat="47.67058333656492" lon="-52.72141001558574">
    <ele>47.790000000000006</ele>
   </trkpt>
   <trkpt lat="47.66991666989666" lon="-52.722020015586914">
    <ele>46.1</ele>
   </trkpt>
   <trkpt lat="47.669250000000005" lon="-52.72263">
    <ele>41.690000000000005</ele>
   </trkpt>
   <trkpt lat="47.66874000000001" lon="-52.722950000000004">
    <ele>38.81</ele>
   </trkpt>
   <trkpt lat="47.668530000000004" lon="-52.723060000000004">
    <ele>38.67</ele>
   </trkpt>
   <trkpt lat="47.66805" lon="-52.72299">
    <ele>37.75000000000001</ele>
   </trkpt>
   <trkpt lat="47.66761" lon="-52.722970000000004">
    <ele>34.99</ele>
   </trkpt>
   <trkpt lat="47.667030000000004" lon="-52.72373">
    <ele>37.24</ele>
   </trkpt>
   <trkpt lat="47.66677000000001" lon="-52.72386">
    <ele>38.24</ele>
   </trkpt>
   <trkpt lat="47.66669" lon="-52.723940000000006">
    <ele>38.24</ele>
   </trkpt>
   <trkpt lat="47.666700000000006" lon="-52.72395">
    <ele>38.24</ele>
   </trkpt>
   <trkpt lat="47.66669" lon="-52.72395">
    <ele>38.24</ele>
   </trkpt>
   <trkpt lat="47.66693" lon="-52.725">
    <ele>49.220000000000006</ele>
   </trkpt>
   <trkpt lat="47.66696" lon="-52.72529">
    <ele>51.93</ele>
   </trkpt>
   <trkpt lat="47.667030000000004" lon="-52.72558">
    <ele>54.1</ele>
   </trkpt>
   <trkpt lat="47.667120000000004" lon="-52.72583">
    <ele>56.1</ele>
   </trkpt>
   <trkpt lat="47.66723" lon="-52.725970000000004">
    <ele>59.14</ele>
   </trkpt>
   <trkpt lat="47.66761" lon="-52.72628">
    <ele>65.87</ele>
   </trkpt>
   <trkpt lat="47.667820000000006" lon="-52.726530000000004">
    <ele>67.88000000000001</ele>
   </trkpt>
   <trkpt lat="47.6683" lon="-52.727410000000006">
    <ele>77.52000000000001</ele>
   </trkpt>
   <trkpt lat="47.668800000000005" lon="-52.72827">
    <ele>84.89</ele>
   </trkpt>
   <trkpt lat="47.668980000000005" lon="-52.728640000000006">
    <ele>88.31000000000002</ele>
   </trkpt>
   <trkpt lat="47.669180000000004" lon="-52.72908">
    <ele>91.12</ele>
   </trkpt>
   <trkpt lat="47.669360000000005" lon="-52.729260000000004">
    <ele>92.7</ele>
   </trkpt>
   <trkpt lat="47.669830000000005" lon="-52.72957">
    <ele>94.72000000000001</ele>
   </trkpt>
   <trkpt lat="47.67006000000001" lon="-52.72986">
    <ele>94.76</ele>
   </trkpt>
   <trkpt lat="47.6704" lon="-52.730360000000005">
    <ele>94.32</ele>
   </trkpt>
   <trkpt lat="47.670750000000005" lon="-52.730990000000006">
    <ele>93.75000000000001</ele>
   </trkpt>
   <trkpt lat="47.67058" lon="-52.730940000000004">
    <ele>93.99000000000001</ele>
   </trkpt>
   <trkpt lat="47.670100000000005" lon="-52.730850000000004">
    <ele>93.15</ele>
   </trkpt>
   <trkpt lat="47.66987" lon="-52.73084000000001">
    <ele>91.75000000000001</ele>
   </trkpt>
   <trkpt lat="47.66958" lon="-52.730880000000006">
    <ele>91.19000000000001</ele>
   </trkpt>
   <trkpt lat="47.66946" lon="-52.730940000000004">
    <ele>90.8</ele>
   </trkpt>
   <trkpt lat="47.669340000000005" lon="-52.73102">
    <ele>90.08000000000001</ele>
   </trkpt>
   <trkpt lat="47.66912000000001" lon="-52.73129">
    <ele>85.85000000000001</ele>
   </trkpt>
   <trkpt lat="47.66874000000001" lon="-52.73152">
    <ele>79.66000000000001</ele>
   </trkpt>
   <trkpt lat="47.668600000000005" lon="-52.731640000000006">
    <ele>77.69000000000001</ele>
   </trkpt>
   <trkpt lat="47.66839" lon="-52.73147">
    <ele>74.51</ele>
   </trkpt>
   <trkpt lat="47.66825" lon="-52.731440000000006">
    <ele>73.94</ele>
   </trkpt>
   <trkpt lat="47.668150000000004" lon="-52.731410000000004">
    <ele>72.77</ele>
   </trkpt>
   <trkpt lat="47.667930000000005" lon="-52.73143">
    <ele>69.05</ele>
   </trkpt>
   <trkpt lat="47.66776" lon="-52.731390000000005">
    <ele>68.03</ele>
   </trkpt>
   <trkpt lat="47.667570000000005" lon="-52.731300000000005">
    <ele>67.0</ele>
   </trkpt>
   <trkpt lat="47.66705" lon="-52.73096">
    <ele>64.01</ele>
   </trkpt>
   <trkpt lat="47.666900000000005" lon="-52.73071">
    <ele>63.32</ele>
   </trkpt>
   <trkpt lat="47.6668" lon="-52.7304">
    <ele>62.56</ele>
   </trkpt>
   <trkpt lat="47.66667" lon="-52.730180000000004">
    <ele>61.02</ele>
   </trkpt>
   <trkpt lat="47.666630000000005" lon="-52.72973">
    <ele>61.660000000000004</ele>
   </trkpt>
   <trkpt lat="47.66649" lon="-52.72921">
    <ele>56.75</ele>
   </trkpt>
   <trkpt lat="47.66626" lon="-52.7287">
    <ele>49.11</ele>
   </trkpt>
   <trkpt lat="47.666180000000004" lon="-52.72858">
    <ele>47.150000000000006</ele>
   </trkpt>
   <trkpt lat="47.66610000000001" lon="-52.728500000000004">
    <ele>45.94</ele>
   </trkpt>
   <trkpt lat="47.66597" lon="-52.72829">
    <ele>41.82</ele>
   </trkpt>
   <trkpt lat="47.665820000000004" lon="-52.72809">
    <ele>37.57000000000001</ele>
   </trkpt>
   <trkpt lat="47.66543" lon="-52.72789">
    <ele>26.1</ele>
   </trkpt>
   <trkpt lat="47.66517" lon="-52.72805">
    <ele>23.87</ele>
   </trkpt>
   <trkpt lat="47.66499" lon="-52.72796">
    <ele>16.62</ele>
   </trkpt>
   <trkpt lat="47.66498000000001" lon="-52.728030000000004">
    <ele>12.200000000000001</ele>
   </trkpt>
   <trkpt lat="47.664860000000004" lon="-52.72836">
    <ele>17.79</ele>
   </trkpt>
   <trkpt lat="47.664730000000006" lon="-52.72858">
    <ele>21.52</ele>
   </trkpt>
   <trkpt lat="47.66479" lon="-52.72863">
    <ele>23.44</ele>
   </trkpt>
   <trkpt lat="47.66480000000001" lon="-52.72867">
    <ele>23.44</ele>
   </trkpt>
   <trkpt lat="47.66471000000001" lon="-52.728860000000005">
    <ele>28.68</ele>
   </trkpt>
   <trkpt lat="47.664640000000006" lon="-52.72919">
    <ele>34.68</ele>
   </trkpt>
   <trkpt lat="47.664680000000004" lon="-52.72928">
    <ele>37.12</ele>
   </trkpt>
   <trkpt lat="47.66460000000001" lon="-52.729870000000005">
    <ele>44.97</ele>
   </trkpt>
   <trkpt lat="47.66447" lon="-52.72988">
    <ele>43.120000000000005</ele>
   </trkpt>
   <trkpt lat="47.66436" lon="-52.72993">
    <ele>41.830000000000005</ele>
   </trkpt>
   <trkpt lat="47.664010000000005" lon="-52.73033">
    <ele>37.17</ele>
   </trkpt>
   <trkpt lat="47.66386000000001" lon="-52.73069">
    <ele>37.34</ele>
   </trkpt>
   <trkpt lat="47.663740000000004" lon="-52.730740000000004">
    <ele>37.39</ele>
   </trkpt>
   <trkpt lat="47.663450000000005" lon="-52.73118">
    <ele>35.85</ele>
   </trkpt>
   <trkpt lat="47.66329" lon="-52.73129">
    <ele>32.690000000000005</ele>
   </trkpt>
   <trkpt lat="47.663180000000004" lon="-52.731390000000005">
    <ele>29.580000000000002</ele>
   </trkpt>
   <trkpt lat="47.663090000000004" lon="-52.73154">
    <ele>24.560000000000002</ele>
   </trkpt>
   <trkpt lat="47.663070000000005" lon="-52.731500000000004">
    <ele>24.560000000000002</ele>
   </trkpt>
   <trkpt lat="47.663070000000005" lon="-52.73138">
    <ele>24.560000000000002</ele>
   </trkpt>
   <trkpt lat="47.66310000000001" lon="-52.73098">
    <ele>20.040000000000003</ele>
   </trkpt>
   <trkpt lat="47.663070000000005" lon="-52.73096">
    <ele>18.67</ele>
   </trkpt>
   <trkpt lat="47.662960000000005" lon="-52.73118">
    <ele>16.880000000000003</ele>
   </trkpt>
   <trkpt lat="47.66284" lon="-52.73136">
    <ele>15.47</ele>
   </trkpt>
   <trkpt lat="47.6627" lon="-52.731410000000004">
    <ele>15.200000000000001</ele>
   </trkpt>
   <trkpt lat="47.662420000000004" lon="-52.73145">
    <ele>16.89</ele>
   </trkpt>
   <trkpt lat="47.662290000000006" lon="-52.73154">
    <ele>17.580000000000002</ele>
   </trkpt>
   <trkpt lat="47.66189000000001" lon="-52.732020000000006">
    <ele>18.490000000000002</ele>
   </trkpt>
   <trkpt lat="47.66160000000001" lon="-52.732310000000005">
    <ele>18.55</ele>
   </trkpt>
   <trkpt lat="47.66143" lon="-52.73257">
    <ele>16.76</ele>
   </trkpt>
   <trkpt lat="47.661150000000006" lon="-52.73279">
    <ele>14.770000000000001</ele>
   </trkpt>
   <trkpt lat="47.66105" lon="-52.73279">
    <ele>13.4</ele>
   </trkpt>
   <trkpt lat="47.661060000000006" lon="-52.73279">
    <ele>13.520000000000001</ele>
   </trkpt>
   <trkpt lat="47.660970000000006" lon="-52.73268">
    <ele>11.46</ele>
   </trkpt>
   <trkpt lat="47.66091" lon="-52.732490000000006">
    <ele>9.66</ele>
   </trkpt>
   <trkpt lat="47.66085" lon="-52.73236000000001">
    <ele>9.56</ele>
   </trkpt>
   <trkpt lat="47.66077000000001" lon="-52.73185">
    <ele>8.360000000000001</ele>
   </trkpt>
   <trkpt lat="47.66066000000001" lon="-52.73167">
    <ele>8.51</ele>
   </trkpt>
   <trkpt lat="47.660450000000004" lon="-52.73149">
    <ele>9.18</ele>
   </trkpt>
   <trkpt lat="47.6604" lon="-52.73152">
    <ele>9.14</ele>
   </trkpt>
   <trkpt lat="47.660320000000006" lon="-52.731210000000004">
    <ele>8.9</ele>
   </trkpt>
   <trkpt lat="47.660210000000006" lon="-52.73096">
    <ele>6.630000000000001</ele>
   </trkpt>
   <trkpt lat="47.66011" lon="-52.730850000000004">
    <ele>5.94</ele>
   </trkpt>
   <trkpt lat="47.66001000000001" lon="-52.730850000000004">
    <ele>5.450000000000001</ele>
   </trkpt>
   <trkpt lat="47.65975" lon="-52.73098">
    <ele>4.2</ele>
   </trkpt>
   <trkpt lat="47.659650000000006" lon="-52.730970000000006">
    <ele>2.7</ele>
   </trkpt>
   <trkpt lat="47.65937" lon="-52.73082">
    <ele>3.2900000000000005</ele>
   </trkpt>
   <trkpt lat="47.65921" lon="-52.73062">
    <ele>4.5600000000000005</ele>
   </trkpt>
   <trkpt lat="47.65912" lon="-52.730470000000004">
    <ele>6.33</ele>
   </trkpt>
   <trkpt lat="47.65908" lon="-52.730270000000004">
    <ele>7.12</ele>
   </trkpt>
   <trkpt lat="47.65907000000001" lon="-52.72999">
    <ele>6.46</ele>
   </trkpt>
   <trkpt lat="47.65912" lon="-52.72993">
    <ele>6.24</ele>
   </trkpt>
   <trkpt lat="47.659150000000004" lon="-52.729820000000004">
    <ele>6.17</ele>
   </trkpt>
   <trkpt lat="47.659150000000004" lon="-52.72977">
    <ele>6.38</ele>
   </trkpt>
   <trkpt lat="47.6591" lon="-52.72968">
    <ele>7.29</ele>
   </trkpt>
   <trkpt lat="47.659060000000004" lon="-52.72901">
    <ele>11.7</ele>
   </trkpt>
   <trkpt lat="47.659130000000005" lon="-52.72874">
    <ele>13.61</ele>
   </trkpt>
   <trkpt lat="47.659060000000004" lon="-52.72825">
    <ele>20.05</ele>
   </trkpt>
   <trkpt lat="47.65908" lon="-52.727850000000004">
    <ele>28.090000000000003</ele>
   </trkpt>
   <trkpt lat="47.659130000000005" lon="-52.727650000000004">
    <ele>29.620000000000005</ele>
   </trkpt>
   <trkpt lat="47.659290000000006" lon="-52.72742">
    <ele>27.950000000000003</ele>
   </trkpt>
   <trkpt lat="47.659400000000005" lon="-52.72690000000001">
    <ele>28.82</ele>
   </trkpt>
   <trkpt lat="47.65939" lon="-52.72666">
    <ele>30.67</ele>
   </trkpt>
   <trkpt lat="47.65935" lon="-52.726420000000005">
    <ele>33.25</ele>
   </trkpt>
   <trkpt lat="47.65928" lon="-52.72626">
    <ele>38.17</ele>
   </trkpt>
   <trkpt lat="47.65919" lon="-52.726200000000006">
    <ele>38.43000000000001</ele>
   </trkpt>
   <trkpt lat="47.65925000000001" lon="-52.726060000000004">
    <ele>39.02</ele>
   </trkpt>
   <trkpt lat="47.659240000000004" lon="-52.72579">
    <ele>39.650000000000006</ele>
   </trkpt>
   <trkpt lat="47.65917" lon="-52.72532">
    <ele>43.75</ele>
   </trkpt>
   <trkpt lat="47.65896" lon="-52.72426">
    <ele>50.82</ele>
   </trkpt>
   <trkpt lat="47.65892" lon="-52.723910000000004">
    <ele>50.96</ele>
   </trkpt>
   <trkpt lat="47.659200000000006" lon="-52.72377">
    <ele>50.800000000000004</ele>
   </trkpt>
   <trkpt lat="47.65932" lon="-52.72364">
    <ele>50.81</ele>
   </trkpt>
   <trkpt lat="47.65939" lon="-52.7235">
    <ele>50.9</ele>
   </trkpt>
   <trkpt lat="47.659510000000004" lon="-52.72299">
    <ele>51.050000000000004</ele>
   </trkpt>
   <trkpt lat="47.65969000353119" lon="-52.722085003256396">
    <ele>48.2</ele>
   </trkpt>
   <trkpt lat="47.659870000000005" lon="-52.721180000000004">
    <ele>44.24</ele>
   </trkpt>
   <trkpt lat="47.659870000000005" lon="-52.72091">
    <ele>43.77</ele>
   </trkpt>
   <trkpt lat="47.65975" lon="-52.72005000000001">
    <ele>44.49</ele>
   </trkpt>
   <trkpt lat="47.65986" lon="-52.71987000000001">
    <ele>43.980000000000004</ele>
   </trkpt>
   <trkpt lat="47.66017" lon="-52.71916">
    <ele>41.67</ele>
   </trkpt>
   <trkpt lat="47.66057000000001" lon="-52.71833">
    <ele>40.18</ele>
   </trkpt>
   <trkpt lat="47.660820001354466" lon="-52.71774500311105">
    <ele>40.080000000000005</ele>
   </trkpt>
   <trkpt lat="47.66107" lon="-52.71716000000001">
    <ele>39.25</ele>
   </trkpt>
   <trkpt lat="47.661100000000005" lon="-52.71705000000001">
    <ele>39.25</ele>
   </trkpt>
   <trkpt lat="47.66131000000001" lon="-52.71614">
    <ele>41.660000000000004</ele>
   </trkpt>
   <trkpt lat="47.66138" lon="-52.71497">
    <ele>47.290000000000006</ele>
   </trkpt>
   <trkpt lat="47.661410000000004" lon="-52.71468">
    <ele>49.11</ele>
   </trkpt>
   <trkpt lat="47.66147" lon="-52.71443000000001">
    <ele>50.410000000000004</ele>
   </trkpt>
   <trkpt lat="47.661570000000005" lon="-52.714150000000004">
    <ele>51.010000000000005</ele>
   </trkpt>
   <trkpt lat="47.66201" lon="-52.71323">
    <ele>52.370000000000005</ele>
   </trkpt>
   <trkpt lat="47.66226500158827" lon="-52.71265000254475">
    <ele>53.02</ele>
   </trkpt>
   <trkpt lat="47.66252" lon="-52.712070000000004">
    <ele>53.36000000000001</ele>
   </trkpt>
   <trkpt lat="47.66264" lon="-52.71177">
    <ele>53.18000000000001</ele>
   </trkpt>
   <trkpt lat="47.66273" lon="-52.71144">
    <ele>52.54</ele>
   </trkpt>
   <trkpt lat="47.662780000000005" lon="-52.71108">
    <ele>51.410000000000004</ele>
   </trkpt>
   <trkpt lat="47.662760000000006" lon="-52.710840000000005">
    <ele>50.96</ele>
   </trkpt>
   <trkpt lat="47.662710000000004" lon="-52.71061">
    <ele>49.95</ele>
   </trkpt>
   <trkpt lat="47.66257" lon="-52.71029000000001">
    <ele>48.800000000000004</ele>
   </trkpt>
   <trkpt lat="47.662530000000004" lon="-52.71014">
    <ele>48.330000000000005</ele>
   </trkpt>
   <trkpt lat="47.662530000000004" lon="-52.70998">
    <ele>48.07</ele>
   </trkpt>
   <trkpt lat="47.66234" lon="-52.70976">
    <ele>47.28</ele>
   </trkpt>
   <trkpt lat="47.66226" lon="-52.70951">
    <ele>45.550000000000004</ele>
   </trkpt>
   <trkpt lat="47.6623" lon="-52.70911">
    <ele>41.080000000000005</ele>
   </trkpt>
   <trkpt lat="47.662200000000006" lon="-52.70846">
    <ele>37.58</ele>
   </trkpt>
   <trkpt lat="47.662200000000006" lon="-52.70824">
    <ele>36.65</ele>
   </trkpt>
   <trkpt lat="47.66239" lon="-52.70732">
    <ele>34.18</ele>
   </trkpt>
   <trkpt lat="47.662400000000005" lon="-52.70687">
    <ele>32.620000000000005</ele>
   </trkpt>
   <trkpt lat="47.662440000000004" lon="-52.70656">
    <ele>31.55</ele>
   </trkpt>
   <trkpt lat="47.662420000000004" lon="-52.70618">
    <ele>29.400000000000002</ele>
   </trkpt>
   <trkpt lat="47.66232" lon="-52.70584">
    <ele>27.92</ele>
   </trkpt>
   <trkpt lat="47.662380000000006" lon="-52.70555">
    <ele>25.560000000000002</ele>
   </trkpt>
   <trkpt lat="47.66235" lon="-52.705200000000005">
    <ele>23.26</ele>
   </trkpt>
   <trkpt lat="47.66235" lon="-52.70519">
    <ele>23.26</ele>
   </trkpt>
   <trkpt lat="47.66219" lon="-52.704860000000004">
    <ele>21.1</ele>
   </trkpt>
   <trkpt lat="47.66201" lon="-52.70479">
    <ele>19.880000000000003</ele>
   </trkpt>
   <trkpt lat="47.66183" lon="-52.70443">
    <ele>16.62</ele>
   </trkpt>
   <trkpt lat="47.661550000000005" lon="-52.70416">
    <ele>10.06</ele>
   </trkpt>
   <trkpt lat="47.66136" lon="-52.70416">
    <ele>9.22</ele>
   </trkpt>
   <trkpt lat="47.661190000000005" lon="-52.704100000000004">
    <ele>9.07</ele>
   </trkpt>
   <trkpt lat="47.661100000000005" lon="-52.70412">
    <ele>8.88</ele>
   </trkpt>
   <trkpt lat="47.661030000000004" lon="-52.70407">
    <ele>8.440000000000001</ele>
   </trkpt>
   <trkpt lat="47.660700000000006" lon="-52.70369">
    <ele>12.17</ele>
   </trkpt>
   <trkpt lat="47.660540000000005" lon="-52.70358">
    <ele>13.05</ele>
   </trkpt>
   <trkpt lat="47.66039000000001" lon="-52.70333">
    <ele>12.13</ele>
   </trkpt>
   <trkpt lat="47.66029" lon="-52.70327">
    <ele>10.96</ele>
   </trkpt>
   <trkpt lat="47.66022" lon="-52.70333">
    <ele>10.83</ele>
   </trkpt>
   <trkpt lat="47.65986" lon="-52.70324">
    <ele>12.730000000000002</ele>
   </trkpt>
   <trkpt lat="47.65983000000001" lon="-52.703070000000004">
    <ele>12.940000000000001</ele>
   </trkpt>
   <trkpt lat="47.659780000000005" lon="-52.70302">
    <ele>12.940000000000001</ele>
   </trkpt>
   <trkpt lat="47.65975" lon="-52.70295">
    <ele>13.040000000000001</ele>
   </trkpt>
   <trkpt lat="47.65966" lon="-52.702890000000004">
    <ele>13.680000000000001</ele>
   </trkpt>
   <trkpt lat="47.659510000000004" lon="-52.70266">
    <ele>14.120000000000001</ele>
   </trkpt>
   <trkpt lat="47.65945000000001" lon="-52.70268">
    <ele>14.25</ele>
   </trkpt>
   <trkpt lat="47.65941" lon="-52.70262">
    <ele>14.560000000000002</ele>
   </trkpt>
   <trkpt lat="47.65921" lon="-52.702600000000004">
    <ele>14.770000000000001</ele>
   </trkpt>
   <trkpt lat="47.65907000000001" lon="-52.702510000000004">
    <ele>14.260000000000002</ele>
   </trkpt>
   <trkpt lat="47.65888" lon="-52.70248">
    <ele>13.19</ele>
   </trkpt>
   <trkpt lat="47.658300000000004" lon="-52.70244">
    <ele>10.07</ele>
   </trkpt>
   <trkpt lat="47.65787" lon="-52.70226">
    <ele>8.55</ele>
   </trkpt>
   <trkpt lat="47.6578" lon="-52.70215">
    <ele>9.3</ele>
   </trkpt>
   <trkpt lat="47.657790000000006" lon="-52.70199">
    <ele>10.77</ele>
   </trkpt>
   <trkpt lat="47.65764" lon="-52.701950000000004">
    <ele>11.950000000000001</ele>
   </trkpt>
   <trkpt lat="47.657520000000005" lon="-52.70174">
    <ele>13.790000000000001</ele>
   </trkpt>
   <trkpt lat="47.657360000000004" lon="-52.70132">
    <ele>16.490000000000002</ele>
   </trkpt>
   <trkpt lat="47.657300000000006" lon="-52.70087">
    <ele>17.740000000000002</ele>
   </trkpt>
   <trkpt lat="47.65739000000001" lon="-52.70074">
    <ele>19.01</ele>
   </trkpt>
   <trkpt lat="47.65729" lon="-52.700430000000004">
    <ele>20.94</ele>
   </trkpt>
   <trkpt lat="47.657210000000006" lon="-52.70004">
    <ele>23.180000000000003</ele>
   </trkpt>
   <trkpt lat="47.657270000000004" lon="-52.699870000000004">
    <ele>23.91</ele>
   </trkpt>
   <trkpt lat="47.657160000000005" lon="-52.69971">
    <ele>24.8</ele>
   </trkpt>
   <trkpt lat="47.65699" lon="-52.699400000000004">
    <ele>29.300000000000004</ele>
   </trkpt>
   <trkpt lat="47.65690000000001" lon="-52.699400000000004">
    <ele>30.490000000000002</ele>
   </trkpt>
   <trkpt lat="47.65663000000001" lon="-52.69901">
    <ele>35.18</ele>
   </trkpt>
   <trkpt lat="47.656200000000005" lon="-52.69877">
    <ele>39.980000000000004</ele>
   </trkpt>
   <trkpt lat="47.65547" lon="-52.6985">
    <ele>46.68000000000001</ele>
   </trkpt>
   <trkpt lat="47.654965000343" lon="-52.69819999707015">
    <ele>46.49</ele>
   </trkpt>
   <trkpt lat="47.65446000000001" lon="-52.697900000000004">
    <ele>40.34</ele>
   </trkpt>
   <trkpt lat="47.65429" lon="-52.697590000000005">
    <ele>36.17</ele>
   </trkpt>
   <trkpt lat="47.65429" lon="-52.69729">
    <ele>32.010000000000005</ele>
   </trkpt>
   <trkpt lat="47.65397" lon="-52.697">
    <ele>27.82</ele>
   </trkpt>
   <trkpt lat="47.65334000000001" lon="-52.697">
    <ele>26.53</ele>
   </trkpt>
   <trkpt lat="47.65267" lon="-52.69689">
    <ele>22.11</ele>
   </trkpt>
   <trkpt lat="47.6522" lon="-52.69733">
    <ele>20.59</ele>
   </trkpt>
   <trkpt lat="47.65198" lon="-52.69756">
    <ele>17.59</ele>
   </trkpt>
   <trkpt lat="47.651880000000006" lon="-52.6976">
    <ele>14.100000000000001</ele>
   </trkpt>
   <trkpt lat="47.65171" lon="-52.697520000000004">
    <ele>11.71</ele>
   </trkpt>
   <trkpt lat="47.65146000000001" lon="-52.69736">
    <ele>8.700000000000001</ele>
   </trkpt>
   <trkpt lat="47.65126" lon="-52.69702">
    <ele>5.47</ele>
   </trkpt>
   <trkpt lat="47.65085000051019" lon="-52.696704997587815">
    <ele>1.8</ele>
   </trkpt>
   <trkpt lat="47.65044" lon="-52.69639">
    <ele>4.62</ele>
   </trkpt>
   <trkpt lat="47.650270000000006" lon="-52.69651">
    <ele>5.790000000000001</ele>
   </trkpt>
   <trkpt lat="47.649905002318555" lon="-52.697245005194205">
    <ele>7.19</ele>
   </trkpt>
   <trkpt lat="47.64954" lon="-52.69798">
    <ele>10.05</ele>
   </trkpt>
   <trkpt lat="47.64951000000001" lon="-52.69774">
    <ele>10.38</ele>
   </trkpt>
   <trkpt lat="47.6495" lon="-52.697520000000004">
    <ele>10.38</ele>
   </trkpt>
   <trkpt lat="47.64952" lon="-52.69729">
    <ele>11.590000000000002</ele>
   </trkpt>
   <trkpt lat="47.64977000289274" lon="-52.69648500360453">
    <ele>17.44</ele>
   </trkpt>
   <trkpt lat="47.650020000000005" lon="-52.69568">
    <ele>24.6</ele>
   </trkpt>
   <trkpt lat="47.650090000000006" lon="-52.6953">
    <ele>29.290000000000003</ele>
   </trkpt>
   <trkpt lat="47.650130000000004" lon="-52.69454">
    <ele>34.03</ele>
   </trkpt>
   <trkpt lat="47.650200000000005" lon="-52.694250000000004">
    <ele>37.410000000000004</ele>
   </trkpt>
   <trkpt lat="47.65042500173934" lon="-52.693620002672354">
    <ele>43.02</ele>
   </trkpt>
   <trkpt lat="47.650650000000006" lon="-52.69299">
    <ele>46.57000000000001</ele>
   </trkpt>
   <trkpt lat="47.65108000000001" lon="-52.691900000000004">
    <ele>52.43000000000001</ele>
   </trkpt>
   <trkpt lat="47.65135" lon="-52.69127">
    <ele>54.510000000000005</ele>
   </trkpt>
   <trkpt lat="47.65153" lon="-52.690690000000004">
    <ele>56.52</ele>
   </trkpt>
   <trkpt lat="47.651790000000005" lon="-52.68961">
    <ele>55.36000000000001</ele>
   </trkpt>
   <trkpt lat="47.65194" lon="-52.68916">
    <ele>53.18000000000001</ele>
   </trkpt>
   <trkpt lat="47.65231333869346" lon="-52.68837667780725">
    <ele>51.5</ele>
   </trkpt>
   <trkpt lat="47.652686672055175" lon="-52.68759334441452">
    <ele>47.28</ele>
   </trkpt>
   <trkpt lat="47.65306" lon="-52.68681">
    <ele>44.63</ele>
   </trkpt>
   <trkpt lat="47.65334000000001" lon="-52.686170000000004">
    <ele>41.550000000000004</ele>
   </trkpt>
   <trkpt lat="47.653380000000006" lon="-52.68605">
    <ele>40.92</ele>
   </trkpt>
   <trkpt lat="47.65341" lon="-52.68585">
    <ele>39.92</ele>
   </trkpt>
   <trkpt lat="47.65337" lon="-52.68547">
    <ele>36.74</ele>
   </trkpt>
   <trkpt lat="47.65326" lon="-52.685230000000004">
    <ele>36.74</ele>
   </trkpt>
   <trkpt lat="47.653200000000005" lon="-52.685140000000004">
    <ele>36.74</ele>
   </trkpt>
   <trkpt lat="47.65241" lon="-52.68451">
    <ele>28.51</ele>
   </trkpt>
   <trkpt lat="47.652150000000006" lon="-52.68435">
    <ele>27.200000000000003</ele>
   </trkpt>
   <trkpt lat="47.651790000000005" lon="-52.68424">
    <ele>26.660000000000004</ele>
   </trkpt>
   <trkpt lat="47.6512" lon="-52.68426">
    <ele>26.150000000000002</ele>
   </trkpt>
   <trkpt lat="47.65106" lon="-52.68424">
    <ele>25.810000000000002</ele>
   </trkpt>
   <trkpt lat="47.650980000000004" lon="-52.684200000000004">
    <ele>25.32</ele>
   </trkpt>
   <trkpt lat="47.650850000000005" lon="-52.68408">
    <ele>24.3</ele>
   </trkpt>
   <trkpt lat="47.650800000000004" lon="-52.68399">
    <ele>23.48</ele>
   </trkpt>
   <trkpt lat="47.65072000000001" lon="-52.683730000000004">
    <ele>21.01</ele>
   </trkpt>
   <trkpt lat="47.650600000000004" lon="-52.68263">
    <ele>13.09</ele>
   </trkpt>
   <trkpt lat="47.65052000000001" lon="-52.68234">
    <ele>12.110000000000001</ele>
   </trkpt>
   <trkpt lat="47.65037" lon="-52.68202">
    <ele>11.66</ele>
   </trkpt>
   <trkpt lat="47.650130000000004" lon="-52.681740000000005">
    <ele>12.440000000000001</ele>
   </trkpt>
   <trkpt lat="47.649910000000006" lon="-52.68166">
    <ele>13.950000000000001</ele>
   </trkpt>
   <trkpt lat="47.64978000000001" lon="-52.68166">
    <ele>14.66</ele>
   </trkpt>
   <trkpt lat="47.64929500011936" lon="-52.68174000072781">
    <ele>20.630000000000003</ele>
   </trkpt>
   <trkpt lat="47.648810000000005" lon="-52.68182">
    <ele>23.720000000000002</ele>
   </trkpt>
   <trkpt lat="47.648630000000004" lon="-52.681810000000006">
    <ele>24.77</ele>
   </trkpt>
   <trkpt lat="47.648830000000004" lon="-52.68155">
    <ele>27.19</ele>
   </trkpt>
   <trkpt lat="47.64916" lon="-52.68099">
    <ele>34.09</ele>
   </trkpt>
   <trkpt lat="47.649280000000005" lon="-52.68061">
    <ele>36.120000000000005</ele>
   </trkpt>
   <trkpt lat="47.64934" lon="-52.68034">
    <ele>37.78</ele>
   </trkpt>
   <trkpt lat="47.64941" lon="-52.68016">
    <ele>39.1</ele>
   </trkpt>
   <trkpt lat="47.649620000000006" lon="-52.67972">
    <ele>41.85</ele>
   </trkpt>
   <trkpt lat="47.650240000000004" lon="-52.678960000000004">
    <ele>46.28</ele>
   </trkpt>
   <trkpt lat="47.65052000000001" lon="-52.678700000000006">
    <ele>49.52</ele>
   </trkpt>
   <trkpt lat="47.65086" lon="-52.67828">
    <ele>54.77</ele>
   </trkpt>
   <trkpt lat="47.65133" lon="-52.67746">
    <ele>65.16000000000001</ele>
   </trkpt>
   <trkpt lat="47.65164" lon="-52.67700000000001">
    <ele>70.72</ele>
   </trkpt>
   <trkpt lat="47.65200000154503" lon="-52.67640000416783">
    <ele>74.45</ele>
   </trkpt>
   <trkpt lat="47.65236" lon="-52.6758">
    <ele>78.45</ele>
   </trkpt>
   <trkpt lat="47.65283" lon="-52.67506">
    <ele>81.91000000000001</ele>
   </trkpt>
   <trkpt lat="47.653040000000004" lon="-52.674890000000005">
    <ele>82.28</ele>
   </trkpt>
   <trkpt lat="47.65317" lon="-52.67481">
    <ele>82.35000000000001</ele>
   </trkpt>
   <trkpt lat="47.65368500047784" lon="-52.674535002632375">
    <ele>83.13000000000001</ele>
   </trkpt>
   <trkpt lat="47.6542" lon="-52.674260000000004">
    <ele>84.29</ele>
   </trkpt>
   <trkpt lat="47.65476" lon="-52.67400000000001">
    <ele>85.45000000000002</ele>
   </trkpt>
   <trkpt lat="47.65507" lon="-52.673880000000004">
    <ele>86.36</ele>
   </trkpt>
   <trkpt lat="47.655440000000006" lon="-52.673750000000005">
    <ele>87.75</ele>
   </trkpt>
   <trkpt lat="47.65594" lon="-52.67371000000001">
    <ele>87.87</ele>
   </trkpt>
   <trkpt lat="47.65614" lon="-52.67376">
    <ele>87.49000000000001</ele>
   </trkpt>
   <trkpt lat="47.656380000000006" lon="-52.67376">
    <ele>86.38000000000001</ele>
   </trkpt>
   <trkpt lat="47.656470000000006" lon="-52.67374">
    <ele>86.31000000000002</ele>
   </trkpt>
   <trkpt lat="47.65657" lon="-52.67365">
    <ele>86.73</ele>
   </trkpt>
   <trkpt lat="47.6567" lon="-52.67358">
    <ele>87.71000000000001</ele>
   </trkpt>
   <trkpt lat="47.657050000000005" lon="-52.67345">
    <ele>87.68</ele>
   </trkpt>
   <trkpt lat="47.657300000000006" lon="-52.67345">
    <ele>85.65</ele>
   </trkpt>
   <trkpt lat="47.65742" lon="-52.6734">
    <ele>85.33</ele>
   </trkpt>
   <trkpt lat="47.6576" lon="-52.6734">
    <ele>84.01</ele>
   </trkpt>
   <trkpt lat="47.6578" lon="-52.67345">
    <ele>83.48</ele>
   </trkpt>
   <trkpt lat="47.657880000000006" lon="-52.67343">
    <ele>83.61</ele>
   </trkpt>
   <trkpt lat="47.657990000000005" lon="-52.67336">
    <ele>84.34</ele>
   </trkpt>
   <trkpt lat="47.658190000000005" lon="-52.67318">
    <ele>87.25</ele>
   </trkpt>
   <trkpt lat="47.658370000000005" lon="-52.67305">
    <ele>90.75000000000001</ele>
   </trkpt>
   <trkpt lat="47.65865" lon="-52.67305">
    <ele>93.59</ele>
   </trkpt>
   <trkpt lat="47.65889000000001" lon="-52.67298">
    <ele>94.91000000000001</ele>
   </trkpt>
   <trkpt lat="47.65936000000001" lon="-52.67298">
    <ele>93.71</ele>
   </trkpt>
   <trkpt lat="47.65972000000001" lon="-52.67291">
    <ele>92.77000000000001</ele>
   </trkpt>
   <trkpt lat="47.65995" lon="-52.67278">
    <ele>91.11000000000001</ele>
   </trkpt>
   <trkpt lat="47.660160000000005" lon="-52.67271">
    <ele>89.51</ele>
   </trkpt>
   <trkpt lat="47.66026" lon="-52.6726">
    <ele>89.33</ele>
   </trkpt>
   <trkpt lat="47.66031" lon="-52.67253">
    <ele>89.41</ele>
   </trkpt>
   <trkpt lat="47.66038" lon="-52.67235">
    <ele>89.88</ele>
   </trkpt>
   <trkpt lat="47.66046" lon="-52.67226">
    <ele>90.02</ele>
   </trkpt>
   <trkpt lat="47.660500000000006" lon="-52.67208">
    <ele>89.86000000000001</ele>
   </trkpt>
   <trkpt lat="47.660560000000004" lon="-52.67199">
    <ele>89.50000000000001</ele>
   </trkpt>
   <trkpt lat="47.660560000000004" lon="-52.671960000000006">
    <ele>89.50000000000001</ele>
   </trkpt>
   <trkpt lat="47.66057000000001" lon="-52.671940000000006">
    <ele>89.44</ele>
   </trkpt>
   <trkpt lat="47.66048000000001" lon="-52.671800000000005">
    <ele>93.52000000000001</ele>
   </trkpt>
   <trkpt lat="47.660430000000005" lon="-52.671780000000005">
    <ele>93.52000000000001</ele>
   </trkpt>
   <trkpt lat="47.66035" lon="-52.671820000000004">
    <ele>97.54</ele>
   </trkpt>
   <trkpt lat="47.66022" lon="-52.671730000000004">
    <ele>104.02000000000001</ele>
   </trkpt>
   <trkpt lat="47.6602" lon="-52.67166">
    <ele>105.13000000000001</ele>
   </trkpt>
   <trkpt lat="47.660160000000005" lon="-52.67166">
    <ele>106.14000000000001</ele>
   </trkpt>
   <trkpt lat="47.660140000000006" lon="-52.67168">
    <ele>106.14000000000001</ele>
   </trkpt>
   <trkpt lat="47.66006" lon="-52.671800000000005">
    <ele>108.23</ele>
   </trkpt>
   <trkpt lat="47.659890000000004" lon="-52.6719">
    <ele>111.61000000000001</ele>
   </trkpt>
   <trkpt lat="47.65983000000001" lon="-52.6719">
    <ele>111.61000000000001</ele>
   </trkpt>
   <trkpt lat="47.65973" lon="-52.67186">
    <ele>115.32000000000001</ele>
   </trkpt>
   <trkpt lat="47.6597" lon="-52.671820000000004">
    <ele>115.32000000000001</ele>
   </trkpt>
   <trkpt lat="47.6597" lon="-52.6717">
    <ele>117.44</ele>
   </trkpt>
   <trkpt lat="47.65966" lon="-52.67166">
    <ele>118.52000000000001</ele>
   </trkpt>
   <trkpt lat="47.659670000000006" lon="-52.67159">
    <ele>118.52000000000001</ele>
   </trkpt>
   <trkpt lat="47.6597" lon="-52.67155">
    <ele>119.91000000000001</ele>
   </trkpt>
   <trkpt lat="47.659710000000004" lon="-52.67148">
    <ele>121.15</ele>
   </trkpt>
   <trkpt lat="47.65968" lon="-52.67141">
    <ele>121.15</ele>
   </trkpt>
   <trkpt lat="47.65963000000001" lon="-52.67134000000001">
    <ele>122.23</ele>
   </trkpt>
   <trkpt lat="47.659620000000004" lon="-52.67123">
    <ele>124.18</ele>
   </trkpt>
   <trkpt lat="47.659710000000004" lon="-52.67099">
    <ele>125.77000000000002</ele>
   </trkpt>
   <trkpt lat="47.65973" lon="-52.6709">
    <ele>127.0</ele>
   </trkpt>
   <trkpt lat="47.65959" lon="-52.67081">
    <ele>128.51000000000002</ele>
   </trkpt>
   <trkpt lat="47.65945000000001" lon="-52.670790000000004">
    <ele>130.33</ele>
   </trkpt>
   <trkpt lat="47.65926" lon="-52.67058">
    <ele>136.24</ele>
   </trkpt>
   <trkpt lat="47.65923" lon="-52.67053000000001">
    <ele>136.24</ele>
   </trkpt>
   <trkpt lat="47.65917" lon="-52.67054">
    <ele>137.42000000000002</ele>
   </trkpt>
   <trkpt lat="47.6591" lon="-52.67047">
    <ele>138.36</ele>
   </trkpt>
   <trkpt lat="47.659020000000005" lon="-52.670460000000006">
    <ele>138.77</ele>
   </trkpt>
   <trkpt lat="47.65899" lon="-52.67049">
    <ele>138.77</ele>
   </trkpt>
   <trkpt lat="47.65876" lon="-52.67038">
    <ele>141.53</ele>
   </trkpt>
   <trkpt lat="47.658660000000005" lon="-52.67029">
    <ele>142.72</ele>
   </trkpt>
   <trkpt lat="47.658570000000005" lon="-52.67018">
    <ele>142.72</ele>
   </trkpt>
   <trkpt lat="47.658480000000004" lon="-52.67016">
    <ele>145.29</ele>
   </trkpt>
   <trkpt lat="47.658390000000004" lon="-52.67009">
    <ele>145.29</ele>
   </trkpt>
   <trkpt lat="47.65831000000001" lon="-52.66989">
    <ele>146.46</ele>
   </trkpt>
   <trkpt lat="47.658170000000005" lon="-52.66967">
    <ele>146.65</ele>
   </trkpt>
   <trkpt lat="47.658120000000004" lon="-52.66949">
    <ele>146.81000000000003</ele>
   </trkpt>
   <trkpt lat="47.65813000000001" lon="-52.669200000000004">
    <ele>147.36</ele>
   </trkpt>
   <trkpt lat="47.658080000000005" lon="-52.66908">
    <ele>148.31000000000003</ele>
   </trkpt>
   <trkpt lat="47.658" lon="-52.66904">
    <ele>149.52</ele>
   </trkpt>
   <trkpt lat="47.65791" lon="-52.66906">
    <ele>150.49</ele>
   </trkpt>
   <trkpt lat="47.657830000000004" lon="-52.66902">
    <ele>151.00000000000003</ele>
   </trkpt>
   <trkpt lat="47.657720000000005" lon="-52.66906">
    <ele>151.08</ele>
   </trkpt>
   <trkpt lat="47.65766000000001" lon="-52.66902">
    <ele>151.05</ele>
   </trkpt>
   <trkpt lat="47.657520000000005" lon="-52.668980000000005">
    <ele>151.12</ele>
   </trkpt>
   <trkpt lat="47.657230000000006" lon="-52.669090000000004">
    <ele>153.03</ele>
   </trkpt>
   <trkpt lat="47.657120000000006" lon="-52.66906">
    <ele>153.15</ele>
   </trkpt>
   <trkpt lat="47.65691" lon="-52.66908">
    <ele>152.57000000000002</ele>
   </trkpt>
   <trkpt lat="47.656710000000004" lon="-52.668910000000004">
    <ele>149.69000000000003</ele>
   </trkpt>
   <trkpt lat="47.65661" lon="-52.66886">
    <ele>148.49</ele>
   </trkpt>
   <trkpt lat="47.65623" lon="-52.668820000000004">
    <ele>146.81000000000003</ele>
   </trkpt>
   <trkpt lat="47.65603" lon="-52.66875">
    <ele>144.27</ele>
   </trkpt>
   <trkpt lat="47.655800000000006" lon="-52.66864">
    <ele>142.53</ele>
   </trkpt>
   <trkpt lat="47.65569000000001" lon="-52.66861">
    <ele>140.46</ele>
   </trkpt>
   <trkpt lat="47.655570000000004" lon="-52.66861">
    <ele>140.02</ele>
   </trkpt>
   <trkpt lat="47.655480000000004" lon="-52.66864">
    <ele>139.44</ele>
   </trkpt>
   <trkpt lat="47.65529" lon="-52.66877">
    <ele>138.55</ele>
   </trkpt>
   <trkpt lat="47.655240000000006" lon="-52.668820000000004">
    <ele>137.8</ele>
   </trkpt>
   <trkpt lat="47.655150000000006" lon="-52.668820000000004">
    <ele>137.37</ele>
   </trkpt>
   <trkpt lat="47.65507" lon="-52.66884">
    <ele>137.6</ele>
   </trkpt>
   <trkpt lat="47.654880000000006" lon="-52.66884">
    <ele>140.01000000000002</ele>
   </trkpt>
   <trkpt lat="47.65482" lon="-52.668820000000004">
    <ele>140.01000000000002</ele>
   </trkpt>
   <trkpt lat="47.654720000000005" lon="-52.668690000000005">
    <ele>140.05</ele>
   </trkpt>
   <trkpt lat="47.654630000000004" lon="-52.66861">
    <ele>140.37000000000003</ele>
   </trkpt>
   <trkpt lat="47.6544" lon="-52.66848">
    <ele>140.43</ele>
   </trkpt>
   <trkpt lat="47.65422" lon="-52.66841">
    <ele>140.0</ele>
   </trkpt>
   <trkpt lat="47.653960000000005" lon="-52.668440000000004">
    <ele>138.40000000000003</ele>
   </trkpt>
   <trkpt lat="47.653690000000005" lon="-52.66855">
    <ele>137.20000000000002</ele>
   </trkpt>
   <trkpt lat="47.653620000000004" lon="-52.668620000000004">
    <ele>137.03</ele>
   </trkpt>
   <trkpt lat="47.653470000000006" lon="-52.66864">
    <ele>135.87</ele>
   </trkpt>
   <trkpt lat="47.65312" lon="-52.668910000000004">
    <ele>133.12</ele>
   </trkpt>
   <trkpt lat="47.65276" lon="-52.66902">
    <ele>129.89000000000001</ele>
   </trkpt>
   <trkpt lat="47.65247" lon="-52.66922">
    <ele>127.88000000000002</ele>
   </trkpt>
   <trkpt lat="47.652330000000006" lon="-52.669270000000004">
    <ele>125.96000000000001</ele>
   </trkpt>
   <trkpt lat="47.652170000000005" lon="-52.66949">
    <ele>124.61000000000001</ele>
   </trkpt>
   <trkpt lat="47.65195000000001" lon="-52.66996">
    <ele>122.91</ele>
   </trkpt>
   <trkpt lat="47.651860000000006" lon="-52.67027">
    <ele>121.61000000000001</ele>
   </trkpt>
   <trkpt lat="47.65182" lon="-52.67049">
    <ele>119.88000000000001</ele>
   </trkpt>
   <trkpt lat="47.65175000000001" lon="-52.67067">
    <ele>116.73000000000002</ele>
   </trkpt>
   <trkpt lat="47.651700000000005" lon="-52.67074">
    <ele>116.73000000000002</ele>
   </trkpt>
   <trkpt lat="47.651540000000004" lon="-52.670820000000006">
    <ele>114.11</ele>
   </trkpt>
   <trkpt lat="47.651410000000006" lon="-52.67081">
    <ele>112.62</ele>
   </trkpt>
   <trkpt lat="47.651320000000005" lon="-52.67071000000001">
    <ele>109.19000000000001</ele>
   </trkpt>
   <trkpt lat="47.65129" lon="-52.67061">
    <ele>108.61000000000001</ele>
   </trkpt>
   <trkpt lat="47.6512" lon="-52.670500000000004">
    <ele>105.93</ele>
   </trkpt>
   <trkpt lat="47.651140000000005" lon="-52.67029">
    <ele>102.56000000000002</ele>
   </trkpt>
   <trkpt lat="47.65119000000001" lon="-52.67009">
    <ele>101.81000000000002</ele>
   </trkpt>
   <trkpt lat="47.65117" lon="-52.66989">
    <ele>100.04</ele>
   </trkpt>
   <trkpt lat="47.65113" lon="-52.6698">
    <ele>98.26</ele>
   </trkpt>
   <trkpt lat="47.650980000000004" lon="-52.66967">
    <ele>95.01</ele>
   </trkpt>
   <trkpt lat="47.650940000000006" lon="-52.66949">
    <ele>91.6</ele>
   </trkpt>
   <trkpt lat="47.651" lon="-52.66924">
    <ele>89.72000000000001</ele>
   </trkpt>
   <trkpt lat="47.65108000000001" lon="-52.66915">
    <ele>89.72000000000001</ele>
   </trkpt>
   <trkpt lat="47.65117" lon="-52.66911">
    <ele>86.23</ele>
   </trkpt>
   <trkpt lat="47.651210000000006" lon="-52.669050000000006">
    <ele>86.23</ele>
   </trkpt>
   <trkpt lat="47.651140000000005" lon="-52.66897">
    <ele>83.27000000000001</ele>
   </trkpt>
   <trkpt lat="47.65104" lon="-52.668940000000006">
    <ele>77.86000000000001</ele>
   </trkpt>
   <trkpt lat="47.650980000000004" lon="-52.668800000000005">
    <ele>77.56</ele>
   </trkpt>
   <trkpt lat="47.650870000000005" lon="-52.66877">
    <ele>77.41000000000001</ele>
   </trkpt>
   <trkpt lat="47.650740000000006" lon="-52.66879">
    <ele>76.68</ele>
   </trkpt>
   <trkpt lat="47.65068" lon="-52.6687">
    <ele>75.68</ele>
   </trkpt>
   <trkpt lat="47.650650000000006" lon="-52.66845000000001">
    <ele>70.96000000000001</ele>
   </trkpt>
   <trkpt lat="47.6507" lon="-52.668260000000004">
    <ele>69.18</ele>
   </trkpt>
   <trkpt lat="47.65075" lon="-52.66816000000001">
    <ele>68.37</ele>
   </trkpt>
   <trkpt lat="47.650760000000005" lon="-52.667970000000004">
    <ele>63.53</ele>
   </trkpt>
   <trkpt lat="47.650850000000005" lon="-52.66781">
    <ele>60.95</ele>
   </trkpt>
   <trkpt lat="47.65108000000001" lon="-52.66761">
    <ele>58.96</ele>
   </trkpt>
   <trkpt lat="47.65124" lon="-52.66716">
    <ele>53.42</ele>
   </trkpt>
   <trkpt lat="47.65129" lon="-52.66678">
    <ele>46.48</ele>
   </trkpt>
   <trkpt lat="47.65126" lon="-52.666560000000004">
    <ele>43.74</ele>
   </trkpt>
   <trkpt lat="47.65119000000001" lon="-52.66642">
    <ele>40.88</ele>
   </trkpt>
   <trkpt lat="47.651070000000004" lon="-52.66612000000001">
    <ele>37.82000000000001</ele>
   </trkpt>
   <trkpt lat="47.65095" lon="-52.665690000000005">
    <ele>34.300000000000004</ele>
   </trkpt>
   <trkpt lat="47.650800000000004" lon="-52.66566">
    <ele>33.300000000000004</ele>
   </trkpt>
   <trkpt lat="47.650670000000005" lon="-52.665580000000006">
    <ele>31.53</ele>
   </trkpt>
   <trkpt lat="47.65066" lon="-52.66555">
    <ele>31.53</ele>
   </trkpt>
   <trkpt lat="47.65075" lon="-52.66546">
    <ele>31.66</ele>
   </trkpt>
   <trkpt lat="47.650740000000006" lon="-52.66532">
    <ele>32.720000000000006</ele>
   </trkpt>
   <trkpt lat="47.65068" lon="-52.66527000000001">
    <ele>32.81</ele>
   </trkpt>
   <trkpt lat="47.65073" lon="-52.66517">
    <ele>33.03</ele>
   </trkpt>
   <trkpt lat="47.65075" lon="-52.6651">
    <ele>33.04</ele>
   </trkpt>
   <trkpt lat="47.65075" lon="-52.66492">
    <ele>32.75</ele>
   </trkpt>
   <trkpt lat="47.65068" lon="-52.66447">
    <ele>31.53</ele>
   </trkpt>
   <trkpt lat="47.650580000000005" lon="-52.66429">
    <ele>33.36</ele>
   </trkpt>
   <trkpt lat="47.650450000000006" lon="-52.66391">
    <ele>39.31</ele>
   </trkpt>
   <trkpt lat="47.65041" lon="-52.66389">
    <ele>43.34</ele>
   </trkpt>
   <trkpt lat="47.65035" lon="-52.66407">
    <ele>45.64000000000001</ele>
   </trkpt>
   <trkpt lat="47.650310000000005" lon="-52.66404000000001">
    <ele>49.09</ele>
   </trkpt>
   <trkpt lat="47.65021" lon="-52.664010000000005">
    <ele>51.690000000000005</ele>
   </trkpt>
   <trkpt lat="47.65014" lon="-52.663940000000004">
    <ele>53.470000000000006</ele>
   </trkpt>
   <trkpt lat="47.65016000000001" lon="-52.663450000000005">
    <ele>60.75000000000001</ele>
   </trkpt>
   <trkpt lat="47.65008" lon="-52.66329">
    <ele>62.74</ele>
   </trkpt>
   <trkpt lat="47.64992" lon="-52.663050000000005">
    <ele>67.54</ele>
   </trkpt>
   <trkpt lat="47.649840000000005" lon="-52.66304">
    <ele>73.60000000000001</ele>
   </trkpt>
   <trkpt lat="47.64963" lon="-52.663140000000006">
    <ele>84.71000000000001</ele>
   </trkpt>
   <trkpt lat="47.649480000000004" lon="-52.66329">
    <ele>88.74000000000001</ele>
   </trkpt>
   <trkpt lat="47.64938" lon="-52.663320000000006">
    <ele>92.87</ele>
   </trkpt>
   <trkpt lat="47.649170000000005" lon="-52.66351">
    <ele>96.71000000000001</ele>
   </trkpt>
   <trkpt lat="47.648880000000005" lon="-52.66335">
    <ele>101.15</ele>
   </trkpt>
   <trkpt lat="47.64866000000001" lon="-52.663410000000006">
    <ele>105.25000000000001</ele>
   </trkpt>
   <trkpt lat="47.648250000000004" lon="-52.663360000000004">
    <ele>111.02000000000001</ele>
   </trkpt>
   <trkpt lat="47.647980000000004" lon="-52.66313">
    <ele>114.53</ele>
   </trkpt>
   <trkpt lat="47.64786" lon="-52.66297">
    <ele>114.65000000000002</ele>
   </trkpt>
   <trkpt lat="47.64775" lon="-52.66288">
    <ele>115.16000000000001</ele>
   </trkpt>
   <trkpt lat="47.647650000000006" lon="-52.66286">
    <ele>115.65</ele>
   </trkpt>
   <trkpt lat="47.64753" lon="-52.66275">
    <ele>116.97</ele>
   </trkpt>
   <trkpt lat="47.647470000000006" lon="-52.66257">
    <ele>118.9</ele>
   </trkpt>
   <trkpt lat="47.64739" lon="-52.66248">
    <ele>120.38000000000001</ele>
   </trkpt>
   <trkpt lat="47.647420000000004" lon="-52.66239">
    <ele>121.00000000000001</ele>
   </trkpt>
   <trkpt lat="47.64753" lon="-52.66216000000001">
    <ele>122.14000000000001</ele>
   </trkpt>
   <trkpt lat="47.647470000000006" lon="-52.66201">
    <ele>124.07000000000001</ele>
   </trkpt>
   <trkpt lat="47.64721" lon="-52.66169000000001">
    <ele>126.2</ele>
   </trkpt>
   <trkpt lat="47.64692" lon="-52.6617">
    <ele>129.13000000000002</ele>
   </trkpt>
   <trkpt lat="47.64661" lon="-52.66147">
    <ele>131.95000000000002</ele>
   </trkpt>
   <trkpt lat="47.64660000000001" lon="-52.66138">
    <ele>131.95000000000002</ele>
   </trkpt>
   <trkpt lat="47.64659" lon="-52.66142000000001">
    <ele>131.95000000000002</ele>
   </trkpt>
   <trkpt lat="47.64660000000001" lon="-52.66140000000001">
    <ele>131.82000000000002</ele>
   </trkpt>
   <trkpt lat="47.64660000000001" lon="-52.66138">
    <ele>131.82000000000002</ele>
   </trkpt>
   <trkpt lat="47.64659" lon="-52.66145">
    <ele>132.51000000000002</ele>
   </trkpt>
   <trkpt lat="47.646550000000005" lon="-52.661500000000004">
    <ele>132.51000000000002</ele>
   </trkpt>
   <trkpt lat="47.646550000000005" lon="-52.66151000000001">
    <ele>132.51000000000002</ele>
   </trkpt>
   <trkpt lat="47.646550000000005" lon="-52.661500000000004">
    <ele>132.51000000000002</ele>
   </trkpt>
   <trkpt lat="47.6467" lon="-52.66161">
    <ele>133.46</ele>
   </trkpt>
   <trkpt lat="47.6465" lon="-52.66183">
    <ele>134.59</ele>
   </trkpt>
   <trkpt lat="47.64621" lon="-52.662040000000005">
    <ele>135.45000000000002</ele>
   </trkpt>
   <trkpt lat="47.646170000000005" lon="-52.66232">
    <ele>135.5</ele>
   </trkpt>
   <trkpt lat="47.64607" lon="-52.662530000000004">
    <ele>135.20000000000002</ele>
   </trkpt>
   <trkpt lat="47.645900000000005" lon="-52.662710000000004">
    <ele>135.34</ele>
   </trkpt>
   <trkpt lat="47.64585" lon="-52.66284">
    <ele>135.67000000000002</ele>
   </trkpt>
   <trkpt lat="47.645770000000006" lon="-52.662650000000006">
    <ele>135.6</ele>
   </trkpt>
   <trkpt lat="47.64575000000001" lon="-52.66264">
    <ele>135.6</ele>
   </trkpt>
   <trkpt lat="47.64567" lon="-52.66275">
    <ele>135.94</ele>
   </trkpt>
   <trkpt lat="47.64562" lon="-52.66268">
    <ele>136.22</ele>
   </trkpt>
   <trkpt lat="47.64522" lon="-52.66266">
    <ele>137.93000000000004</ele>
   </trkpt>
   <trkpt lat="47.64519000000001" lon="-52.66273">
    <ele>137.93000000000004</ele>
   </trkpt>
   <trkpt lat="47.645140000000005" lon="-52.662710000000004">
    <ele>137.93000000000004</ele>
   </trkpt>
   <trkpt lat="47.64504" lon="-52.66282">
    <ele>138.87</ele>
   </trkpt>
   <trkpt lat="47.64477" lon="-52.66302">
    <ele>139.69</ele>
   </trkpt>
   <trkpt lat="47.64475" lon="-52.66306">
    <ele>139.93</ele>
   </trkpt>
   <trkpt lat="47.64466" lon="-52.66306">
    <ele>140.22</ele>
   </trkpt>
   <trkpt lat="47.64453" lon="-52.663180000000004">
    <ele>141.55</ele>
   </trkpt>
   <trkpt lat="47.644290000000005" lon="-52.66331">
    <ele>142.31000000000003</ele>
   </trkpt>
   <trkpt lat="47.64421" lon="-52.663380000000004">
    <ele>142.06000000000003</ele>
   </trkpt>
   <trkpt lat="47.644020000000005" lon="-52.663360000000004">
    <ele>142.09000000000003</ele>
   </trkpt>
   <trkpt lat="47.64361" lon="-52.66358">
    <ele>144.84000000000003</ele>
   </trkpt>
   <trkpt lat="47.64347" lon="-52.6636">
    <ele>145.34000000000003</ele>
   </trkpt>
   <trkpt lat="47.64329" lon="-52.66373">
    <ele>146.26</ele>
   </trkpt>
   <trkpt lat="47.64325" lon="-52.66367">
    <ele>146.26</ele>
   </trkpt>
   <trkpt lat="47.64314" lon="-52.663850000000004">
    <ele>146.21</ele>
   </trkpt>
   <trkpt lat="47.64307" lon="-52.66416">
    <ele>144.89000000000001</ele>
   </trkpt>
   <trkpt lat="47.642920000000004" lon="-52.66423">
    <ele>145.41</ele>
   </trkpt>
   <trkpt lat="47.64276" lon="-52.66427">
    <ele>145.68</ele>
   </trkpt>
   <trkpt lat="47.642540000000004" lon="-52.66438">
    <ele>146.35</ele>
   </trkpt>
   <trkpt lat="47.642340000000004" lon="-52.66456">
    <ele>149.50000000000003</ele>
   </trkpt>
   <trkpt lat="47.642050000000005" lon="-52.66472">
    <ele>153.32000000000002</ele>
   </trkpt>
   <trkpt lat="47.6418" lon="-52.66492">
    <ele>158.18</ele>
   </trkpt>
   <trkpt lat="47.641560000000005" lon="-52.664860000000004">
    <ele>159.01000000000002</ele>
   </trkpt>
   <trkpt lat="47.64114000000001" lon="-52.6649">
    <ele>159.06</ele>
   </trkpt>
   <trkpt lat="47.64105000000001" lon="-52.664860000000004">
    <ele>159.47</ele>
   </trkpt>
   <trkpt lat="47.64097" lon="-52.664860000000004">
    <ele>160.01000000000002</ele>
   </trkpt>
   <trkpt lat="47.640840000000004" lon="-52.664950000000005">
    <ele>160.41000000000003</ele>
   </trkpt>
   <trkpt lat="47.640710000000006" lon="-52.664970000000004">
    <ele>160.62</ele>
   </trkpt>
   <trkpt lat="47.64047" lon="-52.66505">
    <ele>162.19</ele>
   </trkpt>
   <trkpt lat="47.640330000000006" lon="-52.66514">
    <ele>164.74</ele>
   </trkpt>
   <trkpt lat="47.64027" lon="-52.66526">
    <ele>165.88000000000002</ele>
   </trkpt>
   <trkpt lat="47.64007" lon="-52.66532">
    <ele>167.33</ele>
   </trkpt>
   <trkpt lat="47.639570000000006" lon="-52.6657">
    <ele>168.58</ele>
   </trkpt>
   <trkpt lat="47.639450000000004" lon="-52.66577">
    <ele>168.14000000000001</ele>
   </trkpt>
   <trkpt lat="47.63935000000001" lon="-52.665910000000004">
    <ele>168.9</ele>
   </trkpt>
   <trkpt lat="47.63917000000001" lon="-52.66633">
    <ele>177.70000000000002</ele>
   </trkpt>
   <trkpt lat="47.639120000000005" lon="-52.6664">
    <ele>179.8</ele>
   </trkpt>
   <trkpt lat="47.639050000000005" lon="-52.66644">
    <ele>180.38</ele>
   </trkpt>
   <trkpt lat="47.638920000000006" lon="-52.66642">
    <ele>181.1</ele>
   </trkpt>
   <trkpt lat="47.63812" lon="-52.66653">
    <ele>180.75000000000003</ele>
   </trkpt>
   <trkpt lat="47.63781" lon="-52.66651">
    <ele>178.79</ele>
   </trkpt>
   <trkpt lat="47.63738000000001" lon="-52.66651">
    <ele>174.42000000000002</ele>
   </trkpt>
   <trkpt lat="47.63709" lon="-52.6664">
    <ele>171.20000000000002</ele>
   </trkpt>
   <trkpt lat="47.636410000000005" lon="-52.6662">
    <ele>166.95000000000002</ele>
   </trkpt>
   <trkpt lat="47.636" lon="-52.66615">
    <ele>165.93</ele>
   </trkpt>
   <trkpt lat="47.635690000000004" lon="-52.6662">
    <ele>167.48000000000002</ele>
   </trkpt>
   <trkpt lat="47.63541000000001" lon="-52.66606">
    <ele>167.67000000000002</ele>
   </trkpt>
   <trkpt lat="47.63534000000001" lon="-52.66593">
    <ele>167.24000000000004</ele>
   </trkpt>
   <trkpt lat="47.63514000000001" lon="-52.665890000000005">
    <ele>167.47</ele>
   </trkpt>
   <trkpt lat="47.63499" lon="-52.66597">
    <ele>168.71000000000004</ele>
   </trkpt>
   <trkpt lat="47.63472" lon="-52.66702">
    <ele>161.81</ele>
   </trkpt>
   <trkpt lat="47.63465" lon="-52.6672">
    <ele>159.48000000000002</ele>
   </trkpt>
   <trkpt lat="47.634620000000005" lon="-52.66743">
    <ele>157.33</ele>
   </trkpt>
   <trkpt lat="47.63439" lon="-52.66839">
    <ele>149.99</ele>
   </trkpt>
   <trkpt lat="47.63441" lon="-52.66855">
    <ele>146.77</ele>
   </trkpt>
   <trkpt lat="47.63436" lon="-52.66877">
    <ele>143.28000000000003</ele>
   </trkpt>
   <trkpt lat="47.63441" lon="-52.66892000000001">
    <ele>143.41</ele>
   </trkpt>
   <trkpt lat="47.63440000000001" lon="-52.66901000000001">
    <ele>143.41</ele>
   </trkpt>
   <trkpt lat="47.63440000000001" lon="-52.66908">
    <ele>145.51</ele>
   </trkpt>
   <trkpt lat="47.63443" lon="-52.66926">
    <ele>149.99</ele>
   </trkpt>
   <trkpt lat="47.63445" lon="-52.66964">
    <ele>143.21</ele>
   </trkpt>
   <trkpt lat="47.63405" lon="-52.66991">
    <ele>141.95000000000002</ele>
   </trkpt>
   <trkpt lat="47.633815003293684" lon="-52.67077500373271">
    <ele>142.71</ele>
   </trkpt>
   <trkpt lat="47.63358" lon="-52.671640000000004">
    <ele>143.65</ele>
   </trkpt>
   <trkpt lat="47.633590000000005" lon="-52.67184">
    <ele>142.76</ele>
   </trkpt>
   <trkpt lat="47.633610000000004" lon="-52.67188">
    <ele>141.98000000000002</ele>
   </trkpt>
   <trkpt lat="47.63373000000001" lon="-52.67199">
    <ele>141.98000000000002</ele>
   </trkpt>
   <trkpt lat="47.63387" lon="-52.67206">
    <ele>139.47</ele>
   </trkpt>
   <trkpt lat="47.634375000167495" lon="-52.67223999826999">
    <ele>135.87</ele>
   </trkpt>
   <trkpt lat="47.63488" lon="-52.67242">
    <ele>134.37</ele>
   </trkpt>
   <trkpt lat="47.634555001262875" lon="-52.67295500329573">
    <ele>130.99</ele>
   </trkpt>
   <trkpt lat="47.63423" lon="-52.67349">
    <ele>127.46000000000002</ele>
   </trkpt>
   <trkpt lat="47.634150000000005" lon="-52.67367">
    <ele>126.37</ele>
   </trkpt>
   <trkpt lat="47.63405" lon="-52.67399">
    <ele>124.55000000000001</ele>
   </trkpt>
   <trkpt lat="47.63396" lon="-52.674710000000005">
    <ele>117.71000000000001</ele>
   </trkpt>
   <trkpt lat="47.633910002655156" lon="-52.6754900005634">
    <ele>112.96000000000001</ele>
   </trkpt>
   <trkpt lat="47.633860000000006" lon="-52.67627">
    <ele>107.76</ele>
   </trkpt>
   <trkpt lat="47.63374" lon="-52.67721">
    <ele>102.81000000000002</ele>
   </trkpt>
   <trkpt lat="47.63355500366986" lon="-52.67813000329508">
    <ele>97.16000000000001</ele>
   </trkpt>
   <trkpt lat="47.633370000000006" lon="-52.679050000000004">
    <ele>91.93</ele>
   </trkpt>
   <trkpt lat="47.633230000000005" lon="-52.67963">
    <ele>90.18</ele>
   </trkpt>
   <trkpt lat="47.633120000000005" lon="-52.679970000000004">
    <ele>88.3</ele>
   </trkpt>
   <trkpt lat="47.6325033334186" lon="-52.6798699976397">
    <ele>85.59000000000002</ele>
   </trkpt>
   <trkpt lat="47.6318866667503" lon="-52.67976999763947">
    <ele>85.82000000000001</ele>
   </trkpt>
   <trkpt lat="47.63127" lon="-52.67967">
    <ele>86.14</ele>
   </trkpt>
   <trkpt lat="47.63066500002288" lon="-52.67952499830503">
    <ele>84.61</ele>
   </trkpt>
   <trkpt lat="47.63006000000001" lon="-52.67938">
    <ele>81.29</ele>
   </trkpt>
   <trkpt lat="47.62953" lon="-52.67936">
    <ele>78.92</ele>
   </trkpt>
   <trkpt lat="47.629070000000006" lon="-52.67951000000001">
    <ele>77.71</ele>
   </trkpt>
   <trkpt lat="47.628446672914" lon="-52.67865997968311">
    <ele>76.15</ele>
   </trkpt>
   <trkpt lat="47.627823339549394" lon="-52.677809979640806">
    <ele>72.92000000000002</ele>
   </trkpt>
   <trkpt lat="47.6272" lon="-52.67696">
    <ele>60.47</ele>
   </trkpt>
   <trkpt lat="47.62657000220851" lon="-52.67625499155745">
    <ele>54.14000000000001</ele>
   </trkpt>
   <trkpt lat="47.62594000000001" lon="-52.67555">
    <ele>52.27</ele>
   </trkpt>
   <trkpt lat="47.625780000000006" lon="-52.675110000000004">
    <ele>52.59</ele>
   </trkpt>
   <trkpt lat="47.62577" lon="-52.67484">
    <ele>52.690000000000005</ele>
   </trkpt>
   <trkpt lat="47.625780000000006" lon="-52.67455">
    <ele>52.85</ele>
   </trkpt>
   <trkpt lat="47.62603500415931" lon="-52.67356500502286">
    <ele>53.300000000000004</ele>
   </trkpt>
   <trkpt lat="47.626290000000004" lon="-52.67258">
    <ele>53.550000000000004</ele>
   </trkpt>
   <trkpt lat="47.62644" lon="-52.67186">
    <ele>51.300000000000004</ele>
   </trkpt>
   <trkpt lat="47.62646" lon="-52.671530000000004">
    <ele>49.09</ele>
   </trkpt>
   <trkpt lat="47.62637" lon="-52.67052">
    <ele>40.34</ele>
   </trkpt>
   <trkpt lat="47.62613" lon="-52.669850000000004">
    <ele>37.55</ele>
   </trkpt>
   <trkpt lat="47.62577" lon="-52.66944">
    <ele>36.22</ele>
   </trkpt>
   <trkpt lat="47.625530000000005" lon="-52.669360000000005">
    <ele>36.1</ele>
   </trkpt>
   <trkpt lat="47.62489" lon="-52.669270000000004">
    <ele>36.81</ele>
   </trkpt>
   <trkpt lat="47.624550000000006" lon="-52.66933">
    <ele>37.900000000000006</ele>
   </trkpt>
   <trkpt lat="47.62415000000001" lon="-52.66949">
    <ele>39.290000000000006</ele>
   </trkpt>
   <trkpt lat="47.623850000000004" lon="-52.669810000000005">
    <ele>41.150000000000006</ele>
   </trkpt>
   <trkpt lat="47.623490000000004" lon="-52.670230000000004">
    <ele>44.230000000000004</ele>
   </trkpt>
   <trkpt lat="47.623070000000006" lon="-52.670790000000004">
    <ele>48.830000000000005</ele>
   </trkpt>
   <trkpt lat="47.62279" lon="-52.67123">
    <ele>50.760000000000005</ele>
   </trkpt>
   <trkpt lat="47.62254" lon="-52.67166">
    <ele>52.58</ele>
   </trkpt>
   <trkpt lat="47.622440000000005" lon="-52.67208">
    <ele>54.84</ele>
   </trkpt>
   <trkpt lat="47.62234" lon="-52.6724">
    <ele>56.190000000000005</ele>
   </trkpt>
   <trkpt lat="47.622170000000004" lon="-52.672650000000004">
    <ele>57.78</ele>
   </trkpt>
   <trkpt lat="47.622020000000006" lon="-52.6728">
    <ele>58.620000000000005</ele>
   </trkpt>
   <trkpt lat="47.621700000000004" lon="-52.67302">
    <ele>61.64000000000001</ele>
   </trkpt>
   <trkpt lat="47.621430000000004" lon="-52.67316">
    <ele>63.81</ele>
   </trkpt>
   <trkpt lat="47.621210000000005" lon="-52.67324000000001">
    <ele>64.64999999999999</ele>
   </trkpt>
   <trkpt lat="47.62147" lon="-52.67282">
    <ele>64.39999999999999</ele>
   </trkpt>
   <trkpt lat="47.62167" lon="-52.67244">
    <ele>64.46000000000001</ele>
   </trkpt>
   <trkpt lat="47.62181" lon="-52.67208">
    <ele>64.92</ele>
   </trkpt>
   <trkpt lat="47.621840000000006" lon="-52.67175">
    <ele>65.14</ele>
   </trkpt>
   <trkpt lat="47.62183" lon="-52.67141">
    <ele>65.14</ele>
   </trkpt>
   <trkpt lat="47.621770000000005" lon="-52.67114">
    <ele>65.14999999999999</ele>
   </trkpt>
   <trkpt lat="47.621520000000004" lon="-52.67047">
    <ele>65.28</ele>
   </trkpt>
   <trkpt lat="47.62116" lon="-52.66962">
    <ele>65.38000000000001</ele>
   </trkpt>
   <trkpt lat="47.62111" lon="-52.66931">
    <ele>64.80000000000001</ele>
   </trkpt>
   <trkpt lat="47.621120000000005" lon="-52.66904">
    <ele>64.05000000000001</ele>
   </trkpt>
   <trkpt lat="47.621170000000006" lon="-52.668730000000004">
    <ele>62.26</ele>
   </trkpt>
   <trkpt lat="47.62125" lon="-52.668530000000004">
    <ele>61.22</ele>
   </trkpt>
   <trkpt lat="47.62158500198497" lon="-52.66785500431481">
    <ele>56.11000000000001</ele>
   </trkpt>
   <trkpt lat="47.62192" lon="-52.66718">
    <ele>49.32</ele>
   </trkpt>
   <trkpt lat="47.62234" lon="-52.666180000000004">
    <ele>40.78</ele>
   </trkpt>
   <trkpt lat="47.62259" lon="-52.66566">
    <ele>37.14000000000001</ele>
   </trkpt>
   <trkpt lat="47.62292" lon="-52.66503">
    <ele>33.25</ele>
   </trkpt>
   <trkpt lat="47.62346" lon="-52.66418">
    <ele>28.580000000000002</ele>
   </trkpt>
   <trkpt lat="47.62359000000001" lon="-52.664030000000004">
    <ele>28.0</ele>
   </trkpt>
   <trkpt lat="47.62389" lon="-52.66349">
    <ele>27.76</ele>
   </trkpt>
   <trkpt lat="47.623810000000006" lon="-52.66326">
    <ele>28.98</ele>
   </trkpt>
   <trkpt lat="47.623830000000005" lon="-52.66282">
    <ele>31.82</ele>
   </trkpt>
   <trkpt lat="47.623740000000005" lon="-52.66268">
    <ele>36.9</ele>
   </trkpt>
   <trkpt lat="47.623760000000004" lon="-52.66255">
    <ele>38.55</ele>
   </trkpt>
   <trkpt lat="47.62375" lon="-52.66203">
    <ele>44.76</ele>
   </trkpt>
   <trkpt lat="47.62357" lon="-52.661880000000004">
    <ele>53.120000000000005</ele>
   </trkpt>
   <trkpt lat="47.62353" lon="-52.661770000000004">
    <ele>55.730000000000004</ele>
   </trkpt>
   <trkpt lat="47.62351" lon="-52.66161">
    <ele>58.120000000000005</ele>
   </trkpt>
   <trkpt lat="47.623520000000006" lon="-52.661500000000004">
    <ele>59.88</ele>
   </trkpt>
   <trkpt lat="47.623650000000005" lon="-52.66134">
    <ele>62.220000000000006</ele>
   </trkpt>
   <trkpt lat="47.62366" lon="-52.66129">
    <ele>62.220000000000006</ele>
   </trkpt>
   <trkpt lat="47.623740000000005" lon="-52.66127">
    <ele>63.12000000000001</ele>
   </trkpt>
   <trkpt lat="47.623850000000004" lon="-52.66118">
    <ele>64.32000000000001</ele>
   </trkpt>
   <trkpt lat="47.623920000000005" lon="-52.661030000000004">
    <ele>65.81</ele>
   </trkpt>
   <trkpt lat="47.62395" lon="-52.66084000000001">
    <ele>69.60000000000001</ele>
   </trkpt>
   <trkpt lat="47.62395" lon="-52.66051">
    <ele>74.73</ele>
   </trkpt>
   <trkpt lat="47.62398" lon="-52.66042">
    <ele>75.21000000000001</ele>
   </trkpt>
   <trkpt lat="47.62407" lon="-52.66033">
    <ele>75.54</ele>
   </trkpt>
   <trkpt lat="47.624120000000005" lon="-52.66017">
    <ele>75.66</ele>
   </trkpt>
   <trkpt lat="47.624100000000006" lon="-52.65988">
    <ele>76.79</ele>
   </trkpt>
   <trkpt lat="47.62411" lon="-52.659530000000004">
    <ele>79.61</ele>
   </trkpt>
   <trkpt lat="47.624080000000006" lon="-52.65943000000001">
    <ele>79.75</ele>
   </trkpt>
   <trkpt lat="47.623940000000005" lon="-52.65932">
    <ele>79.92999999999999</ele>
   </trkpt>
   <trkpt lat="47.62377" lon="-52.65912">
    <ele>80.14</ele>
   </trkpt>
   <trkpt lat="47.62366" lon="-52.65908">
    <ele>80.67</ele>
   </trkpt>
   <trkpt lat="47.62344" lon="-52.65879">
    <ele>81.12</ele>
   </trkpt>
   <trkpt lat="47.62332000000001" lon="-52.658680000000004">
    <ele>82.7</ele>
   </trkpt>
   <trkpt lat="47.62315" lon="-52.65861">
    <ele>83.44</ele>
   </trkpt>
   <trkpt lat="47.62241" lon="-52.65856">
    <ele>94.4</ele>
   </trkpt>
   <trkpt lat="47.622310000000006" lon="-52.65841">
    <ele>97.4</ele>
   </trkpt>
   <trkpt lat="47.62225" lon="-52.65841">
    <ele>98.96000000000001</ele>
   </trkpt>
   <trkpt lat="47.622020000000006" lon="-52.65807">
    <ele>101.91000000000001</ele>
   </trkpt>
   <trkpt lat="47.621930000000006" lon="-52.65809">
    <ele>103.88000000000001</ele>
   </trkpt>
   <trkpt lat="47.621860000000005" lon="-52.65796">
    <ele>105.07000000000001</ele>
   </trkpt>
   <trkpt lat="47.62169" lon="-52.65794">
    <ele>107.48</ele>
   </trkpt>
   <trkpt lat="47.62153000000001" lon="-52.658">
    <ele>108.7</ele>
   </trkpt>
   <trkpt lat="47.621370000000006" lon="-52.65796">
    <ele>109.02000000000001</ele>
   </trkpt>
   <trkpt lat="47.62122" lon="-52.65796">
    <ele>111.08000000000001</ele>
   </trkpt>
   <trkpt lat="47.621140000000004" lon="-52.65791">
    <ele>111.08000000000001</ele>
   </trkpt>
   <trkpt lat="47.620830000000005" lon="-52.65785">
    <ele>114.26</ele>
   </trkpt>
   <trkpt lat="47.62075" lon="-52.65778">
    <ele>115.0</ele>
   </trkpt>
   <trkpt lat="47.620650000000005" lon="-52.65753">
    <ele>118.47</ele>
   </trkpt>
   <trkpt lat="47.620670000000004" lon="-52.65668">
    <ele>122.10000000000001</ele>
   </trkpt>
   <trkpt lat="47.6206" lon="-52.656060000000004">
    <ele>126.74000000000002</ele>
   </trkpt>
   <trkpt lat="47.620650000000005" lon="-52.65563">
    <ele>128.79999999999998</ele>
   </trkpt>
   <trkpt lat="47.620630000000006" lon="-52.65556">
    <ele>128.79999999999998</ele>
   </trkpt>
   <trkpt lat="47.6206" lon="-52.6555">
    <ele>130.43</ele>
   </trkpt>
   <trkpt lat="47.620560000000005" lon="-52.6555">
    <ele>130.43</ele>
   </trkpt>
   <trkpt lat="47.62055" lon="-52.65534">
    <ele>131.32000000000002</ele>
   </trkpt>
   <trkpt lat="47.62059000000001" lon="-52.65527">
    <ele>131.61</ele>
   </trkpt>
   <trkpt lat="47.62055" lon="-52.65496">
    <ele>132.37</ele>
   </trkpt>
   <trkpt lat="47.62041000000001" lon="-52.654810000000005">
    <ele>133.77</ele>
   </trkpt>
   <trkpt lat="47.62037" lon="-52.654770000000006">
    <ele>134.02</ele>
   </trkpt>
   <trkpt lat="47.620000000000005" lon="-52.65476">
    <ele>138.08</ele>
   </trkpt>
   <trkpt lat="47.619890000000005" lon="-52.65469">
    <ele>138.47</ele>
   </trkpt>
   <trkpt lat="47.61975" lon="-52.65467">
    <ele>141.25</ele>
   </trkpt>
   <trkpt lat="47.619690000000006" lon="-52.65464000000001">
    <ele>141.25</ele>
   </trkpt>
   <trkpt lat="47.619640000000004" lon="-52.65462">
    <ele>141.75</ele>
   </trkpt>
   <trkpt lat="47.61963" lon="-52.6546">
    <ele>141.75</ele>
   </trkpt>
   <trkpt lat="47.61961" lon="-52.654540000000004">
    <ele>142.15</ele>
   </trkpt>
   <trkpt lat="47.61941" lon="-52.654610000000005">
    <ele>140.51000000000002</ele>
   </trkpt>
   <trkpt lat="47.61936" lon="-52.65449">
    <ele>141.5</ele>
   </trkpt>
   <trkpt lat="47.61928" lon="-52.6544">
    <ele>142.71</ele>
   </trkpt>
   <trkpt lat="47.619110000000006" lon="-52.65429">
    <ele>144.05</ele>
   </trkpt>
   <trkpt lat="47.618950000000005" lon="-52.65411">
    <ele>142.71</ele>
   </trkpt>
   <trkpt lat="47.618880000000004" lon="-52.65402">
    <ele>141.89000000000001</ele>
   </trkpt>
   <trkpt lat="47.61885" lon="-52.65388">
    <ele>138.82</ele>
   </trkpt>
   <trkpt lat="47.61883" lon="-52.65357">
    <ele>131.49</ele>
   </trkpt>
   <trkpt lat="47.61882000000001" lon="-52.65357">
    <ele>158.27</ele>
   </trkpt>
   <trkpt lat="47.61838" lon="-52.65368">
    <ele>159.77</ele>
   </trkpt>
   <trkpt lat="47.61815000000001" lon="-52.653710000000004">
    <ele>159.55</ele>
   </trkpt>
   <trkpt lat="47.61809" lon="-52.65375">
    <ele>159.55</ele>
   </trkpt>
   <trkpt lat="47.617940000000004" lon="-52.65373">
    <ele>159.54000000000002</ele>
   </trkpt>
   <trkpt lat="47.61787" lon="-52.65377">
    <ele>159.59</ele>
   </trkpt>
   <trkpt lat="47.617650000000005" lon="-52.65379">
    <ele>159.41000000000003</ele>
   </trkpt>
   <trkpt lat="47.617580000000004" lon="-52.65388">
    <ele>159.15</ele>
   </trkpt>
   <trkpt lat="47.61750000000001" lon="-52.65386">
    <ele>158.68</ele>
   </trkpt>
   <trkpt lat="47.61739000000001" lon="-52.65388">
    <ele>157.78</ele>
   </trkpt>
   <trkpt lat="47.617360000000005" lon="-52.65397">
    <ele>156.47000000000003</ele>
   </trkpt>
   <trkpt lat="47.61737" lon="-52.65402">
    <ele>156.47000000000003</ele>
   </trkpt>
   <trkpt lat="47.617430000000006" lon="-52.65406">
    <ele>153.43</ele>
   </trkpt>
   <trkpt lat="47.61748" lon="-52.654160000000005">
    <ele>153.43</ele>
   </trkpt>
   <trkpt lat="47.61755" lon="-52.65453">
    <ele>149.94000000000003</ele>
   </trkpt>
   <trkpt lat="47.61755" lon="-52.654650000000004">
    <ele>145.94</ele>
   </trkpt>
   <trkpt lat="47.617380000000004" lon="-52.6548">
    <ele>140.94</ele>
   </trkpt>
   <trkpt lat="47.61737" lon="-52.65485">
    <ele>140.94</ele>
   </trkpt>
   <trkpt lat="47.617430000000006" lon="-52.65496">
    <ele>139.12</ele>
   </trkpt>
   <trkpt lat="47.61742" lon="-52.65509">
    <ele>138.25</ele>
   </trkpt>
   <trkpt lat="47.61744" lon="-52.65518">
    <ele>136.63</ele>
   </trkpt>
   <trkpt lat="47.617540000000005" lon="-52.65538">
    <ele>133.8</ele>
   </trkpt>
   <trkpt lat="47.61757" lon="-52.65552">
    <ele>132.71</ele>
   </trkpt>
   <trkpt lat="47.617560000000005" lon="-52.65563">
    <ele>132.24</ele>
   </trkpt>
   <trkpt lat="47.61753" lon="-52.65572">
    <ele>131.43</ele>
   </trkpt>
   <trkpt lat="47.617450000000005" lon="-52.65657">
    <ele>125.67</ele>
   </trkpt>
   <trkpt lat="47.617360000000005" lon="-52.65691">
    <ele>125.33</ele>
   </trkpt>
   <trkpt lat="47.617070000000005" lon="-52.65767">
    <ele>128.14000000000001</ele>
   </trkpt>
   <trkpt lat="47.616870000000006" lon="-52.65789">
    <ele>127.51</ele>
   </trkpt>
   <trkpt lat="47.61674000000001" lon="-52.65794">
    <ele>127.57000000000001</ele>
   </trkpt>
   <trkpt lat="47.61661" lon="-52.65794">
    <ele>127.55</ele>
   </trkpt>
   <trkpt lat="47.61654" lon="-52.65796">
    <ele>127.36</ele>
   </trkpt>
   <trkpt lat="47.6165" lon="-52.65807">
    <ele>126.88000000000002</ele>
   </trkpt>
   <trkpt lat="47.616510000000005" lon="-52.65827">
    <ele>126.67</ele>
   </trkpt>
   <trkpt lat="47.616420000000005" lon="-52.658500000000004">
    <ele>126.83</ele>
   </trkpt>
   <trkpt lat="47.6163" lon="-52.6589">
    <ele>128.57000000000002</ele>
   </trkpt>
   <trkpt lat="47.61614" lon="-52.65903">
    <ele>129.37</ele>
   </trkpt>
   <trkpt lat="47.61612" lon="-52.6593">
    <ele>129.54000000000002</ele>
   </trkpt>
   <trkpt lat="47.61605" lon="-52.65937">
    <ele>129.62</ele>
   </trkpt>
   <trkpt lat="47.61596" lon="-52.65939">
    <ele>129.56</ele>
   </trkpt>
   <trkpt lat="47.61594" lon="-52.65948">
    <ele>129.44</ele>
   </trkpt>
   <trkpt lat="47.615970000000004" lon="-52.6597">
    <ele>129.13000000000002</ele>
   </trkpt>
   <trkpt lat="47.615840000000006" lon="-52.65977">
    <ele>128.54000000000002</ele>
   </trkpt>
   <trkpt lat="47.615700000000004" lon="-52.660090000000004">
    <ele>126.34</ele>
   </trkpt>
   <trkpt lat="47.615700000000004" lon="-52.66015">
    <ele>126.11</ele>
   </trkpt>
   <trkpt lat="47.615750000000006" lon="-52.66029">
    <ele>125.54</ele>
   </trkpt>
   <trkpt lat="47.615680000000005" lon="-52.66071">
    <ele>123.09</ele>
   </trkpt>
   <trkpt lat="47.61569" lon="-52.660940000000004">
    <ele>121.46000000000001</ele>
   </trkpt>
   <trkpt lat="47.61565" lon="-52.66105">
    <ele>120.74000000000001</ele>
   </trkpt>
   <trkpt lat="47.61556" lon="-52.661120000000004">
    <ele>118.52000000000001</ele>
   </trkpt>
   <trkpt lat="47.61531" lon="-52.66114">
    <ele>115.85000000000001</ele>
   </trkpt>
   <trkpt lat="47.615230000000004" lon="-52.66123">
    <ele>115.10000000000001</ele>
   </trkpt>
   <trkpt lat="47.61504" lon="-52.66132">
    <ele>114.03</ele>
   </trkpt>
   <trkpt lat="47.61487" lon="-52.66127">
    <ele>112.51</ele>
   </trkpt>
   <trkpt lat="47.61468000000001" lon="-52.66138">
    <ele>109.64000000000001</ele>
   </trkpt>
   <trkpt lat="47.61446" lon="-52.66127">
    <ele>110.06</ele>
   </trkpt>
   <trkpt lat="47.61433" lon="-52.66129">
    <ele>111.11000000000001</ele>
   </trkpt>
   <trkpt lat="47.61421000000001" lon="-52.66154">
    <ele>114.28</ele>
   </trkpt>
   <trkpt lat="47.614000000000004" lon="-52.66152">
    <ele>116.01000000000002</ele>
   </trkpt>
   <trkpt lat="47.61384" lon="-52.66156">
    <ele>116.38000000000001</ele>
   </trkpt>
   <trkpt lat="47.613760000000006" lon="-52.6617">
    <ele>115.93</ele>
   </trkpt>
   <trkpt lat="47.6137" lon="-52.66185">
    <ele>115.68</ele>
   </trkpt>
   <trkpt lat="47.61337" lon="-52.662440000000004">
    <ele>115.97</ele>
   </trkpt>
   <trkpt lat="47.613290000000006" lon="-52.66255">
    <ele>115.54</ele>
   </trkpt>
   <trkpt lat="47.61283" lon="-52.66286">
    <ele>112.42</ele>
   </trkpt>
   <trkpt lat="47.61262000000001" lon="-52.66293">
    <ele>111.74000000000001</ele>
   </trkpt>
   <trkpt lat="47.6124" lon="-52.66306">
    <ele>111.19000000000001</ele>
   </trkpt>
   <trkpt lat="47.61204" lon="-52.66311">
    <ele>110.87</ele>
   </trkpt>
   <trkpt lat="47.61150000000001" lon="-52.66297">
    <ele>105.05</ele>
   </trkpt>
   <trkpt lat="47.611360000000005" lon="-52.663000000000004">
    <ele>105.05</ele>
   </trkpt>
   <trkpt lat="47.61126" lon="-52.662980000000005">
    <ele>105.48</ele>
   </trkpt>
   <trkpt lat="47.61092000000001" lon="-52.66279">
    <ele>103.98</ele>
   </trkpt>
   <trkpt lat="47.610440000000004" lon="-52.662440000000004">
    <ele>106.10000000000001</ele>
   </trkpt>
   <trkpt lat="47.61028" lon="-52.6623">
    <ele>105.95</ele>
   </trkpt>
   <trkpt lat="47.61009000000001" lon="-52.66228">
    <ele>106.82000000000001</ele>
   </trkpt>
   <trkpt lat="47.60996" lon="-52.66223">
    <ele>106.82000000000001</ele>
   </trkpt>
   <trkpt lat="47.60985" lon="-52.66208">
    <ele>107.29</ele>
   </trkpt>
   <trkpt lat="47.609790000000004" lon="-52.6619">
    <ele>106.76</ele>
   </trkpt>
   <trkpt lat="47.609680000000004" lon="-52.6617">
    <ele>105.60000000000001</ele>
   </trkpt>
   <trkpt lat="47.60947" lon="-52.66152">
    <ele>102.28</ele>
   </trkpt>
   <trkpt lat="47.609440000000006" lon="-52.66138">
    <ele>101.67</ele>
   </trkpt>
   <trkpt lat="47.60934" lon="-52.661150000000006">
    <ele>100.98000000000002</ele>
   </trkpt>
   <trkpt lat="47.609190000000005" lon="-52.66107">
    <ele>100.56</ele>
   </trkpt>
   <trkpt lat="47.60904000000001" lon="-52.6608">
    <ele>96.92</ele>
   </trkpt>
   <trkpt lat="47.608850000000004" lon="-52.6606">
    <ele>95.24000000000001</ele>
   </trkpt>
   <trkpt lat="47.60842000008328" lon="-52.66037499807867">
    <ele>96.38000000000001</ele>
   </trkpt>
   <trkpt lat="47.60799" lon="-52.66015">
    <ele>97.74000000000001</ele>
   </trkpt>
   <trkpt lat="47.60774000000001" lon="-52.66006">
    <ele>96.81</ele>
   </trkpt>
   <trkpt lat="47.607760000000006" lon="-52.659980000000004">
    <ele>93.93</ele>
   </trkpt>
   <trkpt lat="47.607850000000006" lon="-52.65984">
    <ele>89.55</ele>
   </trkpt>
   <trkpt lat="47.60793" lon="-52.65979">
    <ele>86.94</ele>
   </trkpt>
   <trkpt lat="47.607870000000005" lon="-52.659710000000004">
    <ele>86.77000000000001</ele>
   </trkpt>
   <trkpt lat="47.607470000000006" lon="-52.65957">
    <ele>85.27000000000001</ele>
   </trkpt>
   <trkpt lat="47.607150000000004" lon="-52.659620000000004">
    <ele>81.75</ele>
   </trkpt>
   <trkpt lat="47.60708" lon="-52.659560000000006">
    <ele>81.11</ele>
   </trkpt>
   <trkpt lat="47.60703" lon="-52.65957">
    <ele>81.2</ele>
   </trkpt>
   <trkpt lat="47.607000000000006" lon="-52.65964">
    <ele>81.34</ele>
   </trkpt>
   <trkpt lat="47.60694" lon="-52.659710000000004">
    <ele>81.98</ele>
   </trkpt>
   <trkpt lat="47.60680000000001" lon="-52.65982">
    <ele>83.07000000000001</ele>
   </trkpt>
   <trkpt lat="47.60672" lon="-52.65984">
    <ele>84.93</ele>
   </trkpt>
   <trkpt lat="47.60660000000001" lon="-52.65982">
    <ele>86.12</ele>
   </trkpt>
   <trkpt lat="47.60654" lon="-52.65979">
    <ele>86.07000000000001</ele>
   </trkpt>
   <trkpt lat="47.606440000000006" lon="-52.6597">
    <ele>84.05000000000001</ele>
   </trkpt>
   <trkpt lat="47.60629" lon="-52.65946">
    <ele>77.28</ele>
   </trkpt>
   <trkpt lat="47.60609" lon="-52.6593">
    <ele>72.2</ele>
   </trkpt>
   <trkpt lat="47.60596" lon="-52.659150000000004">
    <ele>69.19</ele>
   </trkpt>
   <trkpt lat="47.60593" lon="-52.65908">
    <ele>68.24000000000001</ele>
   </trkpt>
   <trkpt lat="47.605940000000004" lon="-52.65894">
    <ele>65.08</ele>
   </trkpt>
   <trkpt lat="47.606" lon="-52.65874">
    <ele>61.14000000000001</ele>
   </trkpt>
   <trkpt lat="47.605970000000006" lon="-52.65865">
    <ele>61.14000000000001</ele>
   </trkpt>
   <trkpt lat="47.60593" lon="-52.658590000000004">
    <ele>60.21000000000001</ele>
   </trkpt>
   <trkpt lat="47.60535" lon="-52.65832">
    <ele>53.25000000000001</ele>
   </trkpt>
   <trkpt lat="47.60515" lon="-52.6582">
    <ele>50.96</ele>
   </trkpt>
   <trkpt lat="47.60502" lon="-52.65805">
    <ele>48.74</ele>
   </trkpt>
   <trkpt lat="47.604760000000006" lon="-52.65787">
    <ele>46.57000000000001</ele>
   </trkpt>
   <trkpt lat="47.604530000000004" lon="-52.65776">
    <ele>45.18000000000001</ele>
   </trkpt>
   <trkpt lat="47.604380000000006" lon="-52.65762">
    <ele>44.980000000000004</ele>
   </trkpt>
   <trkpt lat="47.60419" lon="-52.65751">
    <ele>45.27</ele>
   </trkpt>
   <trkpt lat="47.603680000000004" lon="-52.657000000000004">
    <ele>45.790000000000006</ele>
   </trkpt>
   <trkpt lat="47.60354" lon="-52.65690000000001">
    <ele>49.35</ele>
   </trkpt>
   <trkpt lat="47.60327" lon="-52.65682">
    <ele>54.12</ele>
   </trkpt>
   <trkpt lat="47.603210000000004" lon="-52.65679">
    <ele>54.77</ele>
   </trkpt>
   <trkpt lat="47.60313000000001" lon="-52.656620000000004">
    <ele>55.57</ele>
   </trkpt>
   <trkpt lat="47.603060000000006" lon="-52.65632">
    <ele>54.56</ele>
   </trkpt>
   <trkpt lat="47.60289" lon="-52.65612">
    <ele>54.52</ele>
   </trkpt>
   <trkpt lat="47.60264" lon="-52.656060000000004">
    <ele>57.92</ele>
   </trkpt>
   <trkpt lat="47.602430000000005" lon="-52.656150000000004">
    <ele>62.01</ele>
   </trkpt>
   <trkpt lat="47.60213" lon="-52.6561">
    <ele>60.13</ele>
   </trkpt>
   <trkpt lat="47.601820000000004" lon="-52.65592">
    <ele>55.67</ele>
   </trkpt>
   <trkpt lat="47.60155" lon="-52.655660000000005">
    <ele>51.84</ele>
   </trkpt>
   <trkpt lat="47.601440000000004" lon="-52.6555">
    <ele>49.82</ele>
   </trkpt>
   <trkpt lat="47.60137" lon="-52.65545">
    <ele>49.61</ele>
   </trkpt>
   <trkpt lat="47.60089000000001" lon="-52.65536">
    <ele>49.550000000000004</ele>
   </trkpt>
   <trkpt lat="47.60069000000001" lon="-52.65538">
    <ele>52.31</ele>
   </trkpt>
   <trkpt lat="47.600350000000006" lon="-52.65538">
    <ele>55.36000000000001</ele>
   </trkpt>
   <trkpt lat="47.60033000000001" lon="-52.65540000000001">
    <ele>55.36000000000001</ele>
   </trkpt>
   <trkpt lat="47.600350000000006" lon="-52.65538">
    <ele>55.25000000000001</ele>
   </trkpt>
   <trkpt lat="47.60027" lon="-52.65545">
    <ele>56.040000000000006</ele>
   </trkpt>
   <trkpt lat="47.6" lon="-52.65576">
    <ele>59.580000000000005</ele>
   </trkpt>
   <trkpt lat="47.599380000000004" lon="-52.65603">
    <ele>62.77</ele>
   </trkpt>
   <trkpt lat="47.599160000000005" lon="-52.65617">
    <ele>63.55000000000001</ele>
   </trkpt>
   <trkpt lat="47.599070000000005" lon="-52.6563">
    <ele>63.40000000000001</ele>
   </trkpt>
   <trkpt lat="47.59895" lon="-52.65668">
    <ele>63.97</ele>
   </trkpt>
   <trkpt lat="47.598760000000006" lon="-52.65682">
    <ele>61.28000000000001</ele>
   </trkpt>
   <trkpt lat="47.59859" lon="-52.65688">
    <ele>56.71</ele>
   </trkpt>
   <trkpt lat="47.5985" lon="-52.65695">
    <ele>55.150000000000006</ele>
   </trkpt>
   <trkpt lat="47.5983" lon="-52.6572">
    <ele>54.17</ele>
   </trkpt>
   <trkpt lat="47.59819" lon="-52.65742">
    <ele>52.49</ele>
   </trkpt>
   <trkpt lat="47.598040000000005" lon="-52.657540000000004">
    <ele>49.36</ele>
   </trkpt>
   <trkpt lat="47.597970000000004" lon="-52.65773">
    <ele>44.65</ele>
   </trkpt>
   <trkpt lat="47.597970000000004" lon="-52.65791">
    <ele>40.84</ele>
   </trkpt>
   <trkpt lat="47.597930000000005" lon="-52.65805">
    <ele>38.510000000000005</ele>
   </trkpt>
   <trkpt lat="47.597840000000005" lon="-52.6582">
    <ele>35.61</ele>
   </trkpt>
   <trkpt lat="47.597730000000006" lon="-52.65832">
    <ele>33.63</ele>
   </trkpt>
   <trkpt lat="47.597620000000006" lon="-52.658500000000004">
    <ele>31.68</ele>
   </trkpt>
   <trkpt lat="47.59743" lon="-52.6587">
    <ele>29.17</ele>
   </trkpt>
   <trkpt lat="47.5974" lon="-52.658770000000004">
    <ele>28.040000000000003</ele>
   </trkpt>
   <trkpt lat="47.5974" lon="-52.65888">
    <ele>27.13</ele>
   </trkpt>
   <trkpt lat="47.59745" lon="-52.65926">
    <ele>24.560000000000002</ele>
   </trkpt>
   <trkpt lat="47.59742000000001" lon="-52.65991">
    <ele>17.61</ele>
   </trkpt>
   <trkpt lat="47.59738" lon="-52.659980000000004">
    <ele>16.470000000000002</ele>
   </trkpt>
   <trkpt lat="47.59722000000001" lon="-52.66013">
    <ele>11.770000000000001</ele>
   </trkpt>
   <trkpt lat="47.59716" lon="-52.66015">
    <ele>9.72</ele>
   </trkpt>
   <trkpt lat="47.596990000000005" lon="-52.66006">
    <ele>4.91</ele>
   </trkpt>
   <trkpt lat="47.596700000000006" lon="-52.660070000000005">
    <ele>3.52</ele>
   </trkpt>
   <trkpt lat="47.59646" lon="-52.66017">
    <ele>6.21</ele>
   </trkpt>
   <trkpt lat="47.596410000000006" lon="-52.66026">
    <ele>7.1000000000000005</ele>
   </trkpt>
   <trkpt lat="47.596320000000006" lon="-52.6606">
    <ele>6.3100000000000005</ele>
   </trkpt>
   <trkpt lat="47.596270000000004" lon="-52.66096">
    <ele>6.710000000000001</ele>
   </trkpt>
   <trkpt lat="47.596210000000006" lon="-52.661120000000004">
    <ele>7.73</ele>
   </trkpt>
   <trkpt lat="47.596090000000004" lon="-52.66129">
    <ele>7.630000000000001</ele>
   </trkpt>
   <trkpt lat="47.59601000000001" lon="-52.66147">
    <ele>6.760000000000001</ele>
   </trkpt>
   <trkpt lat="47.596030000000006" lon="-52.66176">
    <ele>7.73</ele>
   </trkpt>
   <trkpt lat="47.595890000000004" lon="-52.66208">
    <ele>8.71</ele>
   </trkpt>
   <trkpt lat="47.595870000000005" lon="-52.66221">
    <ele>9.81</ele>
   </trkpt>
   <trkpt lat="47.59590000000001" lon="-52.66237">
    <ele>11.56</ele>
   </trkpt>
   <trkpt lat="47.595890000000004" lon="-52.6625">
    <ele>14.67</ele>
   </trkpt>
   <trkpt lat="47.59584" lon="-52.66284">
    <ele>19.900000000000002</ele>
   </trkpt>
   <trkpt lat="47.595780000000005" lon="-52.66293">
    <ele>21.68</ele>
   </trkpt>
   <trkpt lat="47.59572000000001" lon="-52.66295">
    <ele>21.68</ele>
   </trkpt>
   <trkpt lat="47.595580000000005" lon="-52.66288">
    <ele>24.64</ele>
   </trkpt>
   <trkpt lat="47.595420000000004" lon="-52.662890000000004">
    <ele>26.38</ele>
   </trkpt>
   <trkpt lat="47.59523" lon="-52.66308">
    <ele>30.02</ele>
   </trkpt>
   <trkpt lat="47.59507000000001" lon="-52.66315">
    <ele>31.230000000000004</ele>
   </trkpt>
   <trkpt lat="47.594660000000005" lon="-52.66317">
    <ele>28.96</ele>
   </trkpt>
   <trkpt lat="47.594570000000004" lon="-52.66322">
    <ele>29.14</ele>
   </trkpt>
   <trkpt lat="47.594440000000006" lon="-52.663340000000005">
    <ele>29.120000000000005</ele>
   </trkpt>
   <trkpt lat="47.59398" lon="-52.663340000000005">
    <ele>25.5</ele>
   </trkpt>
   <trkpt lat="47.59371" lon="-52.6634">
    <ele>23.590000000000003</ele>
   </trkpt>
   <trkpt lat="47.59349" lon="-52.66358">
    <ele>26.18</ele>
   </trkpt>
   <trkpt lat="47.593210000000006" lon="-52.663940000000004">
    <ele>34.77</ele>
   </trkpt>
   <trkpt lat="47.59302" lon="-52.66414">
    <ele>39.96</ele>
   </trkpt>
   <trkpt lat="47.593" lon="-52.66425">
    <ele>45.44</ele>
   </trkpt>
   <trkpt lat="47.59306" lon="-52.664320000000004">
    <ele>47.09</ele>
   </trkpt>
   <trkpt lat="47.59339000000001" lon="-52.66436">
    <ele>57.32</ele>
   </trkpt>
   <trkpt lat="47.59351" lon="-52.664410000000004">
    <ele>62.160000000000004</ele>
   </trkpt>
   <trkpt lat="47.59364" lon="-52.66458">
    <ele>64.92</ele>
   </trkpt>
   <trkpt lat="47.59371" lon="-52.66474">
    <ele>66.69</ele>
   </trkpt>
   <trkpt lat="47.593720000000005" lon="-52.66483">
    <ele>68.11</ele>
   </trkpt>
   <trkpt lat="47.59364" lon="-52.665150000000004">
    <ele>74.01</ele>
   </trkpt>
   <trkpt lat="47.593560000000004" lon="-52.66528">
    <ele>77.23</ele>
   </trkpt>
   <trkpt lat="47.59347" lon="-52.665350000000004">
    <ele>79.84</ele>
   </trkpt>
   <trkpt lat="47.59333" lon="-52.66539">
    <ele>81.35000000000001</ele>
   </trkpt>
   <trkpt lat="47.593070000000004" lon="-52.66555">
    <ele>82.52000000000001</ele>
   </trkpt>
   <trkpt lat="47.592870000000005" lon="-52.6657">
    <ele>82.10000000000001</ele>
   </trkpt>
   <trkpt lat="47.592470000000006" lon="-52.66584">
    <ele>81.29</ele>
   </trkpt>
   <trkpt lat="47.59232" lon="-52.666000000000004">
    <ele>77.9</ele>
   </trkpt>
   <trkpt lat="47.591950000000004" lon="-52.6662">
    <ele>74.07000000000001</ele>
   </trkpt>
   <trkpt lat="47.59116" lon="-52.6664">
    <ele>74.94000000000001</ele>
   </trkpt>
   <trkpt lat="47.59103" lon="-52.66633">
    <ele>74.28000000000002</ele>
   </trkpt>
   <trkpt lat="47.59053" lon="-52.66575">
    <ele>73.73</ele>
   </trkpt>
   <trkpt lat="47.59029" lon="-52.665620000000004">
    <ele>75.76</ele>
   </trkpt>
   <trkpt lat="47.590180000000004" lon="-52.66575">
    <ele>77.67</ele>
   </trkpt>
   <trkpt lat="47.590270000000004" lon="-52.66606">
    <ele>79.96000000000001</ele>
   </trkpt>
   <trkpt lat="47.59008" lon="-52.66615">
    <ele>79.25</ele>
   </trkpt>
   <trkpt lat="47.59004" lon="-52.66631">
    <ele>79.31</ele>
   </trkpt>
   <trkpt lat="47.58977" lon="-52.66662">
    <ele>77.59</ele>
   </trkpt>
   <trkpt lat="47.58948" lon="-52.66671">
    <ele>77.91000000000001</ele>
   </trkpt>
   <trkpt lat="47.58937" lon="-52.66671">
    <ele>78.84</ele>
   </trkpt>
   <trkpt lat="47.588930000000005" lon="-52.66658">
    <ele>82.51</ele>
   </trkpt>
   <trkpt lat="47.588860000000004" lon="-52.666650000000004">
    <ele>82.85000000000001</ele>
   </trkpt>
   <trkpt lat="47.58876" lon="-52.66691">
    <ele>83.60000000000001</ele>
   </trkpt>
   <trkpt lat="47.588680000000004" lon="-52.66696">
    <ele>85.03</ele>
   </trkpt>
   <trkpt lat="47.588550000000005" lon="-52.66698">
    <ele>87.68</ele>
   </trkpt>
   <trkpt lat="47.58847" lon="-52.66702">
    <ele>88.42000000000002</ele>
   </trkpt>
   <trkpt lat="47.58829" lon="-52.66723">
    <ele>92.27</ele>
   </trkpt>
   <trkpt lat="47.588260000000005" lon="-52.66743">
    <ele>96.92</ele>
   </trkpt>
   <trkpt lat="47.58816" lon="-52.66761">
    <ele>100.82000000000001</ele>
   </trkpt>
   <trkpt lat="47.58787" lon="-52.66776">
    <ele>106.66</ele>
   </trkpt>
   <trkpt lat="47.587720000000004" lon="-52.6679">
    <ele>111.46000000000001</ele>
   </trkpt>
   <trkpt lat="47.58755000000001" lon="-52.668260000000004">
    <ele>121.03000000000002</ele>
   </trkpt>
   <trkpt lat="47.58747" lon="-52.6683">
    <ele>121.72000000000001</ele>
   </trkpt>
   <trkpt lat="47.587270000000004" lon="-52.66832">
    <ele>125.33</ele>
   </trkpt>
   <trkpt lat="47.587180000000004" lon="-52.66837">
    <ele>127.55</ele>
   </trkpt>
   <trkpt lat="47.58699000000001" lon="-52.668530000000004">
    <ele>131.69</ele>
   </trkpt>
   <trkpt lat="47.58695" lon="-52.668620000000004">
    <ele>132.66</ele>
   </trkpt>
   <trkpt lat="47.58691" lon="-52.66893">
    <ele>137.99</ele>
   </trkpt>
   <trkpt lat="47.586690000000004" lon="-52.66924">
    <ele>139.68</ele>
   </trkpt>
   <trkpt lat="47.58648" lon="-52.66935">
    <ele>140.58</ele>
   </trkpt>
   <trkpt lat="47.58626" lon="-52.669560000000004">
    <ele>142.24</ele>
   </trkpt>
   <trkpt lat="47.586200000000005" lon="-52.6696">
    <ele>142.82</ele>
   </trkpt>
   <trkpt lat="47.58615" lon="-52.669540000000005">
    <ele>142.31000000000003</ele>
   </trkpt>
   <trkpt lat="47.58601" lon="-52.66942">
    <ele>138.45000000000002</ele>
   </trkpt>
   <trkpt lat="47.58594" lon="-52.66942">
    <ele>134.83</ele>
   </trkpt>
   <trkpt lat="47.58588" lon="-52.66964">
    <ele>128.82000000000002</ele>
   </trkpt>
   <trkpt lat="47.58579" lon="-52.66978">
    <ele>122.05</ele>
   </trkpt>
   <trkpt lat="47.58572" lon="-52.66982">
    <ele>120.53000000000002</ele>
   </trkpt>
   <trkpt lat="47.585570000000004" lon="-52.66967">
    <ele>118.9</ele>
   </trkpt>
   <trkpt lat="47.585440000000006" lon="-52.669630000000005">
    <ele>119.49000000000001</ele>
   </trkpt>
   <trkpt lat="47.58529" lon="-52.66964">
    <ele>116.4</ele>
   </trkpt>
   <trkpt lat="47.58513000000001" lon="-52.66978">
    <ele>114.46000000000001</ele>
   </trkpt>
   <trkpt lat="47.58505" lon="-52.6698">
    <ele>112.23</ele>
   </trkpt>
   <trkpt lat="47.58489" lon="-52.66969">
    <ele>106.16</ele>
   </trkpt>
   <trkpt lat="47.58467" lon="-52.66971">
    <ele>100.5</ele>
   </trkpt>
   <trkpt lat="47.58455000000001" lon="-52.6696">
    <ele>90.77</ele>
   </trkpt>
   <trkpt lat="47.58417000000001" lon="-52.66955">
    <ele>79.27000000000001</ele>
   </trkpt>
   <trkpt lat="47.58413" lon="-52.669560000000004">
    <ele>79.27000000000001</ele>
   </trkpt>
   <trkpt lat="47.583960000000005" lon="-52.66973">
    <ele>73.97000000000001</ele>
   </trkpt>
   <trkpt lat="47.583890000000004" lon="-52.669760000000004">
    <ele>73.04</ele>
   </trkpt>
   <trkpt lat="47.58370000000001" lon="-52.669740000000004">
    <ele>69.58</ele>
   </trkpt>
   <trkpt lat="47.58335" lon="-52.66982">
    <ele>60.64000000000001</ele>
   </trkpt>
   <trkpt lat="47.583270000000006" lon="-52.66982">
    <ele>59.480000000000004</ele>
   </trkpt>
   <trkpt lat="47.583180000000006" lon="-52.66977000000001">
    <ele>57.77</ele>
   </trkpt>
   <trkpt lat="47.583110000000005" lon="-52.66973">
    <ele>55.77</ele>
   </trkpt>
   <trkpt lat="47.58305000000001" lon="-52.669740000000004">
    <ele>55.18000000000001</ele>
   </trkpt>
   <trkpt lat="47.583020000000005" lon="-52.6698">
    <ele>54.7</ele>
   </trkpt>
   <trkpt lat="47.583130000000004" lon="-52.67007">
    <ele>54.00000000000001</ele>
   </trkpt>
   <trkpt lat="47.583220000000004" lon="-52.6702">
    <ele>53.19</ele>
   </trkpt>
   <trkpt lat="47.58325000000001" lon="-52.670320000000004">
    <ele>51.39</ele>
   </trkpt>
   <trkpt lat="47.58339" lon="-52.67045">
    <ele>49.82</ele>
   </trkpt>
   <trkpt lat="47.58339" lon="-52.67061">
    <ele>48.620000000000005</ele>
   </trkpt>
   <trkpt lat="47.58325000000001" lon="-52.67081">
    <ele>47.839999999999996</ele>
   </trkpt>
   <trkpt lat="47.58315" lon="-52.67092">
    <ele>48.160000000000004</ele>
   </trkpt>
   <trkpt lat="47.58308" lon="-52.6709">
    <ele>48.230000000000004</ele>
   </trkpt>
   <trkpt lat="47.58292" lon="-52.67112">
    <ele>48.540000000000006</ele>
   </trkpt>
   <trkpt lat="47.5829" lon="-52.67121">
    <ele>48.400000000000006</ele>
   </trkpt>
   <trkpt lat="47.58296000000001" lon="-52.671510000000005">
    <ele>46.89</ele>
   </trkpt>
   <trkpt lat="47.582950000000004" lon="-52.67161">
    <ele>46.89</ele>
   </trkpt>
   <trkpt lat="47.58303" lon="-52.6719">
    <ele>40.92</ele>
   </trkpt>
   <trkpt lat="47.583000000000006" lon="-52.67195">
    <ele>39.800000000000004</ele>
   </trkpt>
   <trkpt lat="47.582750000000004" lon="-52.671760000000006">
    <ele>35.160000000000004</ele>
   </trkpt>
   <trkpt lat="47.58243" lon="-52.67224">
    <ele>28.21</ele>
   </trkpt>
   <trkpt lat="47.582330000000006" lon="-52.67231">
    <ele>26.13</ele>
   </trkpt>
   <trkpt lat="47.58221" lon="-52.67233">
    <ele>24.740000000000002</ele>
   </trkpt>
   <trkpt lat="47.582080000000005" lon="-52.6724">
    <ele>22.7</ele>
   </trkpt>
   <trkpt lat="47.582040000000006" lon="-52.6724">
    <ele>22.7</ele>
   </trkpt>
   <trkpt lat="47.58198" lon="-52.67237">
    <ele>20.09</ele>
   </trkpt>
   <trkpt lat="47.58189" lon="-52.67217">
    <ele>17.11</ele>
   </trkpt>
   <trkpt lat="47.58182" lon="-52.672090000000004">
    <ele>15.84</ele>
   </trkpt>
   <trkpt lat="47.58175000000001" lon="-52.67208">
    <ele>15.850000000000003</ele>
   </trkpt>
   <trkpt lat="47.58165" lon="-52.67217">
    <ele>16.89</ele>
   </trkpt>
   <trkpt lat="47.58158" lon="-52.672290000000004">
    <ele>19.180000000000003</ele>
   </trkpt>
   <trkpt lat="47.58155000000001" lon="-52.672470000000004">
    <ele>20.990000000000002</ele>
   </trkpt>
   <trkpt lat="47.58156" lon="-52.67273">
    <ele>22.03</ele>
   </trkpt>
   <trkpt lat="47.58171" lon="-52.67329">
    <ele>17.17</ele>
   </trkpt>
   <trkpt lat="47.581680000000006" lon="-52.673480000000005">
    <ele>13.89</ele>
   </trkpt>
   <trkpt lat="47.58155000000001" lon="-52.673700000000004">
    <ele>10.85</ele>
   </trkpt>
   <trkpt lat="47.58182" lon="-52.67432">
    <ele>10.06</ele>
   </trkpt>
   <trkpt lat="47.58182" lon="-52.674350000000004">
    <ele>10.06</ele>
   </trkpt>
   <trkpt lat="47.58174" lon="-52.674440000000004">
    <ele>9.58</ele>
   </trkpt>
   <trkpt lat="47.58171" lon="-52.67452">
    <ele>9.45</ele>
   </trkpt>
   <trkpt lat="47.58176" lon="-52.6747">
    <ele>10.040000000000001</ele>
   </trkpt>
   <trkpt lat="47.58176" lon="-52.67477">
    <ele>10.66</ele>
   </trkpt>
   <trkpt lat="47.581830000000004" lon="-52.67486">
    <ele>12.16</ele>
   </trkpt>
   <trkpt lat="47.58189" lon="-52.67486">
    <ele>13.0</ele>
   </trkpt>
   <trkpt lat="47.58202000000001" lon="-52.67493">
    <ele>16.17</ele>
   </trkpt>
   <trkpt lat="47.58207" lon="-52.67508">
    <ele>22.03</ele>
   </trkpt>
   <trkpt lat="47.58203" lon="-52.67526">
    <ele>24.740000000000002</ele>
   </trkpt>
   <trkpt lat="47.58205" lon="-52.67531">
    <ele>25.76</ele>
   </trkpt>
   <trkpt lat="47.58218" lon="-52.67549">
    <ele>30.720000000000002</ele>
   </trkpt>
   <trkpt lat="47.58227" lon="-52.67549">
    <ele>32.34</ele>
   </trkpt>
   <trkpt lat="47.582370000000004" lon="-52.675540000000005">
    <ele>32.89</ele>
   </trkpt>
   <trkpt lat="47.58247" lon="-52.67562">
    <ele>33.7</ele>
   </trkpt>
   <trkpt lat="47.58252" lon="-52.67562">
    <ele>33.61</ele>
   </trkpt>
   <trkpt lat="47.58276" lon="-52.67587">
    <ele>32.06</ele>
   </trkpt>
   <trkpt lat="47.58287000000001" lon="-52.67593">
    <ele>30.430000000000003</ele>
   </trkpt>
   <trkpt lat="47.58287000000001" lon="-52.676">
    <ele>30.430000000000003</ele>
   </trkpt>
   <trkpt lat="47.58276" lon="-52.67618">
    <ele>25.45</ele>
   </trkpt>
   <trkpt lat="47.58272" lon="-52.67627">
    <ele>24.23</ele>
   </trkpt>
   <trkpt lat="47.58274" lon="-52.67643">
    <ele>21.36</ele>
   </trkpt>
   <trkpt lat="47.58283" lon="-52.676520000000004">
    <ele>19.270000000000003</ele>
   </trkpt>
   <trkpt lat="47.58296000000001" lon="-52.676610000000004">
    <ele>16.19</ele>
   </trkpt>
   <trkpt lat="47.58306" lon="-52.676730000000006">
    <ele>15.320000000000002</ele>
   </trkpt>
   <trkpt lat="47.58301" lon="-52.67703">
    <ele>12.23</ele>
   </trkpt>
   <trkpt lat="47.583020000000005" lon="-52.677260000000004">
    <ele>10.47</ele>
   </trkpt>
   <trkpt lat="47.583200000000005" lon="-52.67768">
    <ele>10.97</ele>
   </trkpt>
   <trkpt lat="47.583330000000004" lon="-52.67793">
    <ele>7.410000000000001</ele>
   </trkpt>
   <trkpt lat="47.58323" lon="-52.678020000000004">
    <ele>6.970000000000001</ele>
   </trkpt>
   <trkpt lat="47.58276" lon="-52.67779">
    <ele>2.39</ele>
   </trkpt>
   <trkpt lat="47.5827" lon="-52.67772">
    <ele>2.56</ele>
   </trkpt>
   <trkpt lat="47.58252" lon="-52.677870000000006">
    <ele>2.41</ele>
   </trkpt>
   <trkpt lat="47.5825" lon="-52.67799">
    <ele>2.41</ele>
   </trkpt>
   <trkpt lat="47.58238" lon="-52.678000000000004">
    <ele>1.93</ele>
   </trkpt>
   <trkpt lat="47.582330000000006" lon="-52.678020000000004">
    <ele>1.9100000000000001</ele>
   </trkpt>
   <trkpt lat="47.58229" lon="-52.67812000000001">
    <ele>1.9100000000000001</ele>
   </trkpt>
   <trkpt lat="47.582170000000005" lon="-52.67831">
    <ele>1.9400000000000002</ele>
   </trkpt>
   <trkpt lat="47.582040000000006" lon="-52.67837">
    <ele>2.08</ele>
   </trkpt>
   <trkpt lat="47.58187" lon="-52.67828">
    <ele>2.33</ele>
   </trkpt>
   <trkpt lat="47.58178" lon="-52.678200000000004">
    <ele>2.33</ele>
   </trkpt>
   <trkpt lat="47.58169" lon="-52.678020000000004">
    <ele>1.86</ele>
   </trkpt>
   <trkpt lat="47.58162" lon="-52.67784">
    <ele>1.77</ele>
   </trkpt>
   <trkpt lat="47.5816" lon="-52.6775">
    <ele>2.39</ele>
   </trkpt>
   <trkpt lat="47.581610000000005" lon="-52.67727000000001">
    <ele>2.2600000000000002</ele>
   </trkpt>
  </trkseg>
 </trk>
</gpx>
